name,availablity,pirce,rating
Daredevils,In stock (11 available),£16.34,Three
The Silkworm (Cormoran Strike #2),In stock (3 available),£23.05,Five
"Unstuffed: Decluttering Your Home, Mind, and Soul",In stock (3 available),£58.09,One
Feathers: Displays of Brilliant Plumage,In stock (14 available),£49.05,Three
"Will Grayson, Will Grayson (Will Grayson, Will Grayson)",In stock (5 available),£47.31,Four
Old Records Never Die: One Man's Quest for His Vinyl and His Past,In stock (1 available),£55.66,Two
Libertarianism for Beginners,In stock (19 available),£51.33,Two
Aladdin and His Wonderful Lamp,In stock (19 available),£53.13,Three
The Last Mile (Amos Decker #2),In stock (14 available),£54.21,Two
Living Forward: A Proven Plan to Stop Drifting and Get the Life You Want,In stock (8 available),£12.55,Three
Peak: Secrets from the New Science of Expertise,In stock (5 available),£16.28,Two
The Purpose Driven Life: What on Earth Am I Here for?,In stock (3 available),£37.19,Three
Hungry Girl Clean & Hungry: Easy All-Natural Recipes for Healthy Eating in the Real World,In stock (3 available),£33.14,Three
"Shobu Samurai, Project Aryoku (#3)",In stock (15 available),£29.06,Three
(Un)Qualified: How God Uses Broken People to Do Big Things,In stock (16 available),£54.00,Five
How to Be a Domestic Goddess: Baking and the Art of Comfort Cooking,In stock (7 available),£28.25,Two
Penny Maybe,In stock (18 available),£33.29,Three
South of Sunshine,In stock (8 available),£28.93,One
Lowriders to the Center of the Earth (Lowriders in Space #2),In stock (14 available),£51.51,Two
The Omnivore's Dilemma: A Natural History of Four Meals,In stock (15 available),£38.21,Two
On the Road (Duluoz Legend),In stock (1 available),£32.36,Three
"The End of Faith: Religion, Terror, and the Future of Reason",In stock (3 available),£22.13,Four
Steal Like an Artist: 10 Things Nobody Told You About Being Creative,In stock (7 available),£20.90,Two
The Gunning of America: Business and the Making of American Gun Culture,In stock (4 available),£16.81,Four
You can't bury them all: Poems,In stock (17 available),£33.63,Two
Scarlet (The Lunar Chronicles #2),In stock (3 available),£14.57,Four
Shtum,In stock (14 available),£55.84,Four
Orange Is the New Black,In stock (3 available),£24.61,Two
The Nightingale,In stock (3 available),£26.26,Four
Obsidian (Lux #1),In stock (16 available),£14.86,Two
Lady Midnight (The Dark Artifices #1),In stock (14 available),£16.28,Five
The Wedding Dress,In stock (15 available),£24.12,One
"Bleach, Vol. 1: Strawberry and the Soul Reapers (Bleach #1)",In stock (1 available),£34.65,Five
Myriad (Prentor #1),In stock (1 available),£58.75,Four
Shopaholic Ties the Knot (Shopaholic #3),In stock (4 available),£48.39,Five
Brave Enough,In stock (3 available),£51.32,Five
"The Mindfulness and Acceptance Workbook for Anxiety: A Guide to Breaking Free from Anxiety, Phobias, and Worry Using Acceptance and Commitment Therapy",In stock (16 available),£23.89,Four
It,In stock (4 available),£25.01,Three
First Steps for New Christians (Print Edition),In stock (15 available),£29.00,One
Every Last Word,In stock (14 available),£46.47,Three
Shameless,In stock (1 available),£58.35,Three
"The Coming Woman: A Novel Based on the Life of the Infamous Feminist, Victoria Woodhull",In stock (19 available),£17.93,Three
I am a Hero Omnibus Volume 1,In stock (16 available),£54.63,Three
Nightstruck: A Novel,In stock (7 available),£50.35,Four
No Love Allowed (Dodge Cove #1),In stock (12 available),£54.65,Four
"Fruits Basket, Vol. 9 (Fruits Basket #9)",In stock (9 available),£33.95,Four
orange: The Complete Collection 1 (orange: The Complete Collection #1),In stock (16 available),£48.41,One
Into the Wild,In stock (3 available),£56.70,Five
Everyday Italian: 125 Simple and Delicious Recipes,In stock (12 available),£20.10,Five
Remember Me?,In stock (5 available),£11.48,Three
A Walk to Remember,In stock (4 available),£56.43,One
A Study in Scarlet (Sherlock Holmes #1),In stock (14 available),£16.73,Two
John Vassos: Industrial Design for Modern Life,In stock (8 available),£20.22,Four
The Drowning Girls,In stock (7 available),£35.67,Three
"The Sandman, Vol. 1: Preludes and Nocturnes (The Sandman (volumes) #1)",In stock (1 available),£54.12,Three
The House by the Lake,In stock (15 available),£36.95,One
Shakespeare's Sonnets,In stock (19 available),£20.66,Four
"Grayson, Vol 3: Nemesis (Grayson #3)",In stock (3 available),£42.72,One
The Book of Mormon,In stock (9 available),£24.57,Three
Delivering the Truth (Quaker Midwife Mystery #1),In stock (7 available),£20.89,Four
The Murder That Never Was (Forensic Instincts #5),In stock (16 available),£54.11,Three
The Guernsey Literary and Potato Peel Pie Society,In stock (3 available),£49.53,One
"The Demon Prince of Momochi House, Vol. 4 (The Demon Prince of Momochi House #4)",In stock (4 available),£27.88,Two
Listen to Me (Fusion #1),In stock (1 available),£58.99,Three
"Setting the World on Fire: The Brief, Astonishing Life of St. Catherine of Siena",In stock (11 available),£21.15,Two
"Wonder Woman: Earth One, Volume One (Wonder Woman: Earth One #1)",In stock (14 available),£37.34,Four
Drama,In stock (5 available),£38.70,Two
Dark Lover (Black Dagger Brotherhood #1),In stock (4 available),£12.87,One
The Little Prince,In stock (1 available),£45.42,Two
The Fault in Our Stars,In stock (5 available),£47.22,One
Beautiful Creatures (Caster Chronicles #1),In stock (3 available),£21.55,Five
The Rose & the Dagger (The Wrath and the Dawn #2),In stock (3 available),£58.64,Four
Seven Days in the Art World,In stock (3 available),£52.33,Two
Throwing Rocks at the Google Bus: How Growth Became the Enemy of Prosperity,In stock (16 available),£31.12,Three
When We Collided,In stock (16 available),£31.77,One
The Secret (The Secret #1),In stock (15 available),£27.37,Four
The Great Railway Bazaar,In stock (6 available),£30.54,One
Carrie,In stock (14 available),£46.23,Two
The Third Wave: An Entrepreneurâs Vision of the Future,In stock (15 available),£12.61,Five
1491: New Revelations of the Americas Before Columbus,In stock (14 available),£21.80,Three
'Salem's Lot,In stock (4 available),£49.56,Four
Maybe Something Beautiful: How Art Transformed a Neighborhood,In stock (5 available),£22.54,One
Luis Paints the World,In stock (14 available),£53.95,Three
We Are All Completely Beside Ourselves,In stock (3 available),£24.04,One
Lost Among the Living,In stock (1 available),£27.70,Four
How to Be Miserable: 40 Strategies You Already Use,In stock (16 available),£46.03,One
Romero and Juliet: A Tragic Tale of Love and Zombies,In stock (15 available),£36.94,One
I'll Give You the Sun,In stock (8 available),£56.48,One
Foundation (Foundation (Publication Order) #1),In stock (5 available),£32.42,One
Beyond Good and Evil,In stock (1 available),£43.38,One
The Psychopath Test: A Journey Through the Madness Industry,In stock (15 available),£36.00,Two
The Tipping Point: How Little Things Can Make a Big Difference,In stock (3 available),£10.02,Two
The Long Shadow of Small Ghosts: Murder and Memory in an American City,In stock (15 available),£10.97,One
Lilac Girls,In stock (11 available),£17.28,Two
Three-Martini Lunch,In stock (3 available),£23.21,Three
"Life, the Universe and Everything (Hitchhiker's Guide to the Galaxy #3)",In stock (3 available),£33.26,Two
"Exit, Pursued by a Bear",In stock (11 available),£51.34,Four
Barefoot Contessa at Home: Everyday Recipes You'll Make Over and Over Again,In stock (14 available),£50.62,Five
Kindle Paperwhite User's Guide,In stock (2 available),£34.00,Three
The Cuckoo's Calling (Cormoran Strike #1),In stock (3 available),£19.21,One
The Lucifer Effect: Understanding How Good People Turn Evil,In stock (14 available),£10.40,One
The Shack,In stock (9 available),£28.03,One
Origins (Alphas 0.5),In stock (1 available),£28.99,One
The Dirty Little Secrets of Getting Your Dream Job,In stock (19 available),£33.34,Four
Taking Shots (Assassins #1),In stock (1 available),£18.88,Two
You (You #1),In stock (14 available),£43.61,Five
Dead Wake: The Last Crossing of the Lusitania,In stock (3 available),£39.24,Five
The Girl with All the Gifts,In stock (3 available),£49.47,Three
Through the Woods,In stock (14 available),£25.38,Two
"Thinking, Fast and Slow",In stock (3 available),£21.14,One
Angels & Demons (Robert Langdon #1),In stock (14 available),£51.48,Three
"Fruits Basket, Vol. 2 (Fruits Basket #2)",In stock (2 available),£11.64,Five
Vampire Girl (Vampire Girl #1),In stock (1 available),£53.82,Two
The Rest Is Noise: Listening to the Twentieth Century,In stock (3 available),£34.77,One
The Grand Design,In stock (5 available),£13.76,Three
Bossypants,In stock (16 available),£49.46,Two
Roller Girl,In stock (8 available),£14.10,Five
My Mrs. Brown,In stock (14 available),£24.48,Three
Underlying Notes,In stock (9 available),£11.82,Two
Done Rubbed Out (Reightman & Bailey #1),In stock (15 available),£37.72,Five
Shadows of the Past (Logan Point #1),In stock (8 available),£39.67,Five
The Restaurant at the End of the Universe (Hitchhiker's Guide to the Galaxy #2),In stock (3 available),£10.92,One
The Matchmaker's Playbook (Wingmen Inc. #1),In stock (15 available),£55.85,One
Angels Walking (Angels Walking #1),In stock (14 available),£34.20,Two
The Wild Robot,In stock (3 available),£56.07,Three
"In the Garden of Beasts: Love, Terror, and an American Family in Hitler's Berlin",In stock (3 available),£28.85,Three
Extreme Prey (Lucas Davenport #26),In stock (3 available),£25.40,Three
"The Sandman, Vol. 3: Dream Country (The Sandman (volumes) #3)",In stock (3 available),£55.55,Five
Shopaholic & Baby (Shopaholic #5),In stock (3 available),£46.45,Two
Career of Evil (Cormoran Strike #3),In stock (3 available),£24.72,Two
The Art Book,In stock (7 available),£32.34,Two
The E-Myth Revisited: Why Most Small Businesses Don't Work and What to Do About It,In stock (8 available),£36.91,One
The Great Gatsby,In stock (7 available),£36.05,Four
Lumberjanes Vol. 3: A Terrible Plan (Lumberjanes #9-12),In stock (16 available),£19.92,Two
"Outcast, Vol. 1: A Darkness Surrounds Him (Outcast #1)",In stock (16 available),£15.44,Four
"Starving Hearts (Triangular Trade Trilogy, #1)",In stock (19 available),£13.99,Two
The Mysterious Affair at Styles (Hercule Poirot #1),In stock (6 available),£24.80,Four
The Art and Science of Low Carbohydrate Living,In stock (9 available),£52.98,Five
8 Keys to Mental Health Through Exercise,In stock (3 available),£31.04,One
The Songs of the Gods,In stock (14 available),£44.48,Five
Batman: The Dark Knight Returns (Batman),In stock (15 available),£15.38,Five
Will You Won't You Want Me?,In stock (12 available),£13.86,Three
The Secret Healer,In stock (1 available),£34.56,Three
Naked,In stock (3 available),£31.69,Three
The Origin of Species,In stock (7 available),£10.01,Four
The Art of War,In stock (15 available),£33.34,Five
The Hook Up (Game On #1),In stock (1 available),£36.29,Five
Grumbles,In stock (15 available),£22.16,Two
Meditations,In stock (1 available),£25.89,Two
Someone Like You (The Harrisons #2),In stock (14 available),£52.79,Five
Big Little Lies,In stock (3 available),£22.11,One
Judo: Seven Steps to Black Belt (an Introductory Guide for Beginners),In stock (16 available),£53.90,Two
Once Was a Time,In stock (14 available),£18.28,Two
The Sound Of Love,In stock (6 available),£57.84,Five
The Picture of Dorian Gray,In stock (3 available),£29.70,Two
"Nightingale, Sing",In stock (15 available),£38.28,One
A Walk in the Woods: Rediscovering America on the Appalachian Trail,In stock (3 available),£30.48,Four
"Death Note, Vol. 5: Whiteout (Death Note #5)",In stock (5 available),£52.41,One
The Torch Is Passed: A Harding Family Story,In stock (16 available),£19.09,One
Modern Day Fables,In stock (9 available),£47.44,Two
The False Prince (The Ascendance Trilogy #1),In stock (5 available),£56.00,Five
The Iliad,In stock (1 available),£16.16,One
V for Vendetta (V for Vendetta Complete),In stock (14 available),£37.10,Four
No One Here Gets Out Alive,In stock (4 available),£20.02,Five
"Love That Boy: What Two Presidents, Eight Road Trips, and My Son Taught Me About a Parent's Expectations",In stock (8 available),£25.06,Two
It's Never Too Late to Begin Again: Discovering Creativity and Meaning at Midlife and Beyond,In stock (3 available),£42.38,One
"Daring Greatly: How the Courage to Be Vulnerable Transforms the Way We Live, Love, Parent, and Lead",In stock (15 available),£19.43,Three
The Regional Office Is Under Attack!,In stock (15 available),£51.36,Five
Blue Like Jazz: Nonreligious Thoughts on Christian Spirituality,In stock (7 available),£25.77,One
The Last Girl (The Dominion Trilogy #1),In stock (1 available),£36.26,Two
"Eat, Pray, Love",In stock (1 available),£51.32,Three
Tell Me Three Things,In stock (5 available),£41.81,One
Ways of Seeing,In stock (1 available),£39.51,Five
Isla and the Happily Ever After (Anna and the French Kiss #3),In stock (5 available),£48.13,Five
Maude (1883-1993):She Grew Up with the country,In stock (18 available),£18.02,Two
Slow States of Collapse: Poems,In stock (17 available),£57.31,Three
"Pop Gun War, Volume 1: Gift",In stock (16 available),£18.97,One
"Avatar: The Last Airbender: Smoke and Shadow, Part 3 (Smoke and Shadow #3)",In stock (16 available),£28.09,Two
A Shard of Ice (The Black Symphony Saga #1),In stock (9 available),£56.63,Three
Wildlife of New York: A Five-Borough Coloring Book,In stock (7 available),£22.14,Two
The Constant Princess (The Tudor Court #1),In stock (7 available),£16.62,Three
The Devil Wears Prada (The Devil Wears Prada #1),In stock (3 available),£44.29,One
A Visit from the Goon Squad,In stock (3 available),£14.08,Five
The Golden Condom: And Other Essays on Love Lost and Found,In stock (12 available),£39.43,One
Of Mice and Men,In stock (1 available),£47.11,Two
Fool Me Once,In stock (5 available),£16.96,One
A Year in Provence (Provence #1),In stock (6 available),£56.88,Four
The Bear and the Piano,In stock (18 available),£36.89,One
City of Fallen Angels (The Mortal Instruments #4),In stock (14 available),£11.23,Four
The Dinner Party,In stock (12 available),£56.54,Two
The Bourne Identity (Jason Bourne #1),In stock (7 available),£42.78,Four
Off Sides (Off #1),In stock (1 available),£39.45,Five
Voyager (Outlander #3),In stock (3 available),£21.07,Five
"Bitch Planet, Vol. 1: Extraordinary Machine (Bitch Planet (Collected Editions))",In stock (16 available),£37.92,Two
Don't Get Caught,In stock (14 available),£55.35,One
11/22/63,In stock (11 available),£48.48,Three
The Lean Startup: How Today's Entrepreneurs Use Continuous Innovation to Create Radically Successful Businesses,In stock (3 available),£33.92,Three
The 10% Entrepreneur: Live Your Startup Dream Without Quitting Your Day Job,In stock (15 available),£27.55,Three
A Light in the Attic,In stock (22 available),£51.77,Three
Equal Is Unfair: America's Misguided Fight Against Income Inequality,In stock (12 available),£56.86,One
Art and Fear: Observations on the Perils (and Rewards) of Artmaking,In stock (9 available),£48.63,Four
"Hawkeye, Vol. 1: My Life as a Weapon (Hawkeye #1)",In stock (1 available),£45.24,Three
Masks and Shadows,In stock (16 available),£56.40,Two
The Travelers,In stock (3 available),£15.77,One
"Surely You're Joking, Mr. Feynman!: Adventures of a Curious Character",In stock (3 available),£25.83,Two
Mexican Today: New and Rediscovered Recipes for Contemporary Kitchens,In stock (5 available),£24.91,Five
Doing It Over (Most Likely To #1),In stock (15 available),£35.61,Three
"The Three Searches, Meaning, and the Story",In stock (13 available),£13.33,Three
"At The Existentialist CafÃ©: Freedom, Being, and apricot cocktails with: Jean-Paul Sartre, Simone de Beauvoir, Albert Camus, Martin Heidegger, Edmund Husserl, Karl Jaspers, Maurice Merleau-Ponty and others",In stock (7 available),£29.93,Five
Becoming Wise: An Inquiry into the Mystery and Art of Living,In stock (15 available),£27.43,Two
Lab Girl,In stock (11 available),£40.85,One
The Story of Art,In stock (7 available),£41.14,Four
"Skip Beat!, Vol. 01 (Skip Beat! #1)",In stock (1 available),£42.12,Three
Demigods & Magicians: Percy and Annabeth Meet the Kanes (Percy Jackson & Kane Chronicles Crossover #1-3),In stock (14 available),£37.51,Five
Robin War,In stock (14 available),£47.82,Three
Eureka Trivia 6.0,In stock (15 available),£54.59,Four
Find Her (Detective D.D. Warren #8),In stock (5 available),£22.37,One
Diary of a Minecraft Zombie Book 1: A Scare of a Dare (An Unofficial Minecraft Book),In stock (2 available),£52.88,Four
Needful Things,In stock (4 available),£47.51,Four
Can You Keep a Secret? (Fear Street Relaunch #4),In stock (12 available),£48.64,One
"We Are Robin, Vol. 1: The Vigilante Business (We Are Robin #1)",In stock (14 available),£53.90,One
The Shadow Hero (The Shadow Hero),In stock (15 available),£33.14,One
Tell the Wind and Fire,In stock (5 available),£45.51,Three
Dark Places,In stock (3 available),£23.90,Five
My Paris Kitchen: Recipes and Stories,In stock (16 available),£33.37,Two
Ender's Game (The Ender Quintet #1),In stock (8 available),£43.64,One
23 Degrees South: A Tropical Tale of Changing Whether...,In stock (9 available),£35.79,Two
Algorithms to Live By: The Computer Science of Human Decisions,In stock (16 available),£30.81,One
Better Homes and Gardens New Cook Book,In stock (6 available),£39.61,Three
I Know What I'm Doing -- and Other Lies I Tell Myself: Dispatches from a Life Under Construction,In stock (14 available),£25.98,Four
John Adams,In stock (7 available),£57.43,Four
Logan Kade (Fallen Crest High #5.5),In stock (5 available),£13.12,Two
"Sit, Stay, Love",In stock (7 available),£20.90,Three
The Age of Genius: The Seventeenth Century and the Birth of the Modern Mind,In stock (16 available),£19.73,One
"""Most Blessed of the Patriarchs"": Thomas Jefferson and the Empire of the Imagination",In stock (8 available),£44.48,Five
Team of Rivals: The Political Genius of Abraham Lincoln,In stock (7 available),£20.12,Five
Batman: The Long Halloween (Batman),In stock (15 available),£36.50,Two
Counted With the Stars (Out from Egypt #1),In stock (7 available),£17.97,Five
Doctor Sleep (The Shining #2),In stock (14 available),£40.12,Two
Outliers: The Story of Success,In stock (3 available),£14.16,One
Fellside,In stock (3 available),£38.62,One
Boar Island (Anna Pigeon #19),In stock (12 available),£59.48,Three
On a Midnight Clear,In stock (16 available),£14.07,Three
Untitled Collection: Sabbath Poems 2014,In stock (16 available),£14.27,Four
Ship Leaves Harbor: Essays on Travel by a Recovering Journeyman,In stock (6 available),£30.60,Three
"Don't Be a Jerk: And Other Practical Advice from Dogen, Japan's Greatest Zen Master",In stock (16 available),£37.97,Two
King's Folly (The Kinsman Chronicles #1),In stock (7 available),£39.61,Five
In Cold Blood,In stock (6 available),£49.98,Four
Code Name Verity (Code Name Verity #1),In stock (14 available),£22.13,Four
Suddenly in Love (Lake Haven #1),In stock (15 available),£55.99,Two
I Know Why the Caged Bird Sings (Maya Angelou's Autobiography #1),In stock (5 available),£36.55,Two
The Power of Habit: Why We Do What We Do in Life and Business,In stock (14 available),£16.88,Three
Crown of Midnight (Throne of Glass #2),In stock (16 available),£43.29,Three
While You Were Mine,In stock (1 available),£41.32,Five
The Zombie Room,In stock (1 available),£19.69,Five
Digital Fortress,In stock (5 available),£58.00,Five
Forever Rockers (The Rocker #12),In stock (1 available),£28.80,Three
If I Run (If I Run #1),In stock (3 available),£49.97,Four
The Nerdy Nummies Cookbook: Sweet Treats for the Geek in All of Us,In stock (15 available),£37.34,Five
Searching for Meaning in Gailana,In stock (13 available),£38.73,One
The Dovekeepers,In stock (14 available),£48.78,One
Sleeping Giants (Themis Files #1),In stock (11 available),£48.74,One
Benjamin Franklin: An American Life,In stock (7 available),£48.19,Three
The Girl You Left Behind (The Girl You Left Behind #1),In stock (6 available),£15.79,One
The Exiled,In stock (3 available),£43.45,Three
Memoirs of a Geisha,In stock (7 available),£49.67,Three
The Sense of an Ending,In stock (2 available),£31.38,Three
A New Earth: Awakening to Your Life's Purpose,In stock (4 available),£55.65,Five
No Dream Is Too High: Life Lessons From a Man Who Walked on the Moon,In stock (14 available),£21.95,Two
Sharp Objects,In stock (20 available),£47.82,Four
What Happened on Beale Street (Secrets of the South Mysteries #2),In stock (7 available),£25.37,Five
The Epidemic (The Program 0.6),In stock (12 available),£14.44,Five
Eragon (The Inheritance Cycle #1),In stock (3 available),£43.87,Three
Dracula,In stock (3 available),£52.62,Three
Emma,In stock (1 available),£32.93,Two
Harry Potter and the Deathly Hallows (Harry Potter #7),In stock (5 available),£23.32,One
Chase Me (Paris Nights #2),In stock (19 available),£25.27,Five
The Bette Davis Club,In stock (1 available),£30.66,Three
Quench Your Own Thirst: Business Lessons Learned Over a Beer or Two,In stock (12 available),£43.14,One
Life of Pi,In stock (7 available),£13.22,Four
In the Woods (Dublin Murder Squad #1),In stock (6 available),£38.38,Two
The Edge of Reason (Bridget Jones #2),In stock (1 available),£19.18,Four
Miss Peregrineâs Home for Peculiar Children (Miss Peregrineâs Peculiar Children #1),In stock (15 available),£10.76,One
The Bhagavad Gita,In stock (1 available),£57.49,Three
Alice in Wonderland (Alice's Adventures in Wonderland #1),In stock (1 available),£55.53,One
A Court of Thorns and Roses (A Court of Thorns and Roses #1),In stock (16 available),£52.37,One
One with You (Crossfire #5),In stock (12 available),£15.71,Four
An Abundance of Katherines,In stock (5 available),£10.00,Five
Settling the Score (The Summer Games #1),In stock (1 available),£44.91,Two
Awkward,In stock (3 available),£38.02,Two
"Chronicles, Vol. 1",In stock (7 available),£52.60,Two
The Haters,In stock (1 available),£27.89,Five
The Complete Maus (Maus #1-2),In stock (1 available),£10.64,Three
"Rat Queens, Vol. 3: Demons (Rat Queens (Collected Editions) #11-15)",In stock (16 available),£50.40,Three
Thomas Jefferson and the Tripoli Pirates: The Forgotten War That Changed American History,In stock (15 available),£59.64,One
Candide,In stock (4 available),£58.63,Three
"The Sleep Revolution: Transforming Your Life, One Night at a Time",In stock (11 available),£11.68,Four
"Fruits Basket, Vol. 4 (Fruits Basket #4)",In stock (4 available),£50.44,Four
Modern Romance,In stock (15 available),£28.26,Five
The Improbability of Love,In stock (11 available),£59.45,One
The Good Girl,In stock (7 available),£49.03,Three
The Gutsy Girl: Escapades for Your Life of Epic Adventure,In stock (16 available),£37.13,One
Unreasonable Hope: Finding Faith in the God Who Brings Purpose to Your Pain,In stock (7 available),£46.33,Two
The Lover's Dictionary,In stock (3 available),£58.09,Two
The Hound of the Baskervilles (Sherlock Holmes #5),In stock (4 available),£14.82,Two
Me Talk Pretty One Day,In stock (3 available),£57.60,Two
Far From True (Promise Falls Trilogy #2),In stock (4 available),£34.93,Two
Fifty Shades Darker (Fifty Shades #2),In stock (16 available),£21.96,One
The Undomestic Goddess,In stock (3 available),£45.75,Four
Wild Swans,In stock (14 available),£14.36,Two
"I Hate Fairyland, Vol. 1: Madly Ever After (I Hate Fairyland (Compilations) #1-5)",In stock (16 available),£29.17,Two
32 Yolks,In stock (8 available),£53.63,Two
Me Before You (Me Before You #1),In stock (6 available),£19.02,One
The Death of Humanity: and the Case for Life,In stock (16 available),£58.11,Four
The Kite Runner,In stock (15 available),£41.82,Four
Without Borders (Wanderlove #1),In stock (16 available),£45.07,Two
Shoe Dog: A Memoir by the Creator of NIKE,In stock (15 available),£23.99,Two
The Gray Rhino: How to Recognize and Act on the Obvious Dangers We Ignore,In stock (12 available),£59.15,Four
The Black Maria,In stock (19 available),£52.15,One
Stiff: The Curious Lives of Human Cadavers,In stock (3 available),£36.74,Three
Worlds Elsewhere: Journeys Around Shakespeareâs Globe,In stock (18 available),£40.30,Five
Something More Than This,In stock (15 available),£16.24,Four
What If?: Serious Scientific Answers to Absurd Hypothetical Questions,In stock (5 available),£53.68,Four
Howl and Other Poems,In stock (8 available),£40.45,Two
My Kitchen Year: 136 Recipes That Saved My Life,In stock (13 available),£11.53,Two
The Silent Twin (Detective Jennifer Knight #3),In stock (1 available),£36.25,Three
Aristotle and Dante Discover the Secrets of the Universe (Aristotle and Dante Discover the Secrets of the Universe #1),In stock (14 available),£58.14,Four
The Silent Wife,In stock (1 available),£12.34,Five
Are We Smart Enough to Know How Smart Animals Are?,In stock (3 available),£56.58,One
"The Sandman, Vol. 2: The Doll's House (The Sandman (volumes) #2)",In stock (2 available),£54.81,One
The Complete Stories and Poems (The Works of Edgar Allan Poe [Cameo Edition]),In stock (3 available),£26.78,Four
America's Cradle of Quarterbacks: Western Pennsylvania's Football Factory from Johnny Unitas to Joe Montana,In stock (19 available),£22.50,Three
The Case for Christ (Cases for Christianity),In stock (3 available),£47.84,One
All the Light We Cannot See,In stock (14 available),£29.87,Five
The Geography of Bliss: One Grump's Search for the Happiest Places in the World,In stock (4 available),£28.23,Two
Mere Christianity,In stock (6 available),£48.51,Three
Tsubasa: WoRLD CHRoNiCLE 2 (Tsubasa WoRLD CHRoNiCLE #2),In stock (16 available),£16.28,One
The Fellowship of the Ring (The Lord of the Rings #1),In stock (6 available),£10.27,Two
Unicorn Tracks,In stock (16 available),£18.78,Three
"Ms. Marvel, Vol. 1: No Normal (Ms. Marvel (2014-2015) #1)",In stock (1 available),£39.39,Four
The Glittering Court (The Glittering Court #1),In stock (15 available),£44.28,One
Tell the Wolves I'm Home,In stock (6 available),£50.96,Two
Kill 'Em and Leave: Searching for James Brown and the American Soul,In stock (8 available),£45.05,Five
Boy Meets Boy,In stock (3 available),£21.12,Three
The Barefoot Contessa Cookbook,In stock (6 available),£59.92,Five
One Second (Seven #7),In stock (1 available),£52.94,Two
The New Brand You: Your New Image Makes the Sale for You,In stock (9 available),£44.05,Five
This Is Where It Ends,In stock (14 available),£27.12,Two
Confessions of a Shopaholic (Shopaholic #1),In stock (4 available),£48.94,Two
"Trespassing Across America: One Man's Epic, Never-Done-Before (and Sort of Illegal) Hike Across the Heartland",In stock (3 available),£53.51,One
The Activist's Tao Te Ching: Ancient Advice for a Modern Revolution,In stock (16 available),£32.24,Five
A Game of Thrones (A Song of Ice and Fire #1),In stock (5 available),£46.42,Two
The Pilgrim's Progress,In stock (4 available),£50.26,Two
Don't Forget Steven,In stock (9 available),£33.23,One
"Miracles from Heaven: A Little Girl, Her Journey to Heaven, and Her Amazing Story of Healing",In stock (3 available),£57.83,One
Old School (Diary of a Wimpy Kid #10),In stock (14 available),£11.83,Five
Why Not Me?,In stock (8 available),£17.76,One
"Rise of the Rocket Girls: The Women Who Propelled Us, from Missiles to the Moon to Mars",In stock (3 available),£41.67,Four
The Art of Startup Fundraising,In stock (11 available),£21.00,Three
"Political Suicide: Missteps, Peccadilloes, Bad Calls, Backroom Hijinx, Sordid Pasts, Rotten Breaks, and Just Plain Dumb Mistakes in the Annals of American Politics",In stock (16 available),£36.28,Two
Superman Vol. 1: Before Truth (Superman by Gene Luen Yang #1),In stock (14 available),£11.89,Five
Can You Keep a Secret?,In stock (4 available),£21.94,One
Sister Dear,In stock (7 available),£40.20,Four
Lies and Other Acts of Love,In stock (11 available),£45.14,One
Louisa: The Extraordinary Life of Mrs. Adams,In stock (15 available),£16.85,Two
Something Borrowed (Darcy & Rachel #1),In stock (3 available),£48.96,Five
New Moon (Twilight #2),In stock (2 available),£12.86,Four
Mockingjay (The Hunger Games #3),In stock (4 available),£20.44,Four
A Paris Apartment,In stock (12 available),£39.01,Four
Playing from the Heart,In stock (7 available),£32.38,One
#GIRLBOSS,In stock (3 available),£50.96,One
The Thing About Jellyfish,In stock (3 available),£48.77,One
The Collected Poems of W.B. Yeats (The Collected Works of W.B. Yeats #1),In stock (6 available),£15.42,Five
A Clash of Kings (A Song of Ice and Fire #2),In stock (5 available),£10.79,Three
"The Elegant Universe: Superstrings, Hidden Dimensions, and the Quest for the Ultimate Theory",In stock (3 available),£13.03,Four
The Da Vinci Code (Robert Langdon #2),In stock (3 available),£22.96,Two
Barefoot Contessa Back to Basics,In stock (14 available),£28.01,One
Rising Strong,In stock (8 available),£21.82,Three
"Saga, Volume 3 (Saga (Collected Editions) #3)",In stock (3 available),£21.57,Five
Civilization and Its Discontents,In stock (3 available),£59.95,Two
The Shining (The Shining #1),In stock (4 available),£27.88,Three
The Republic,In stock (1 available),£33.78,Three
Very Good Lives: The Fringe Benefits of Failure and the Importance of Imagination,In stock (3 available),£50.66,Three
Beauty Restored (Riley Family Legacy Novellas #3),In stock (15 available),£11.11,Two
13 Hours: The Inside Account of What Really Happened In Benghazi,In stock (13 available),£27.06,One
Walt Disney's Alice in Wonderland,In stock (14 available),£12.96,Five
Future Shock (Future Shock #1),In stock (8 available),£55.65,Five
Buying In: The Secret Dialogue Between What We Buy and Who We Are,In stock (14 available),£37.80,Four
Where She Went (If I Stay #2),In stock (5 available),£41.73,Four
Best of My Love (Fool's Gold #20),In stock (3 available),£27.41,Two
In the Country We Love: My Family Divided,In stock (16 available),£22.00,Four
Hollow City (Miss Peregrineâs Peculiar Children #2),In stock (15 available),£42.98,One
Ash,In stock (3 available),£22.06,Four
Unlimited Intuition Now,In stock (9 available),£58.87,Four
The Raven Boys (The Raven Cycle #1),In stock (5 available),£57.74,Four
Vogue Colors A to Z: A Fashion Coloring Book,In stock (4 available),£52.35,Four
The Lonely City: Adventures in the Art of Being Alone,In stock (12 available),£33.26,Two
Lila (Gilead #3),In stock (3 available),£12.47,Three
Some Women,In stock (4 available),£13.73,Five
Gratitude,In stock (3 available),£26.66,Five
Annie on My Mind,In stock (3 available),£36.83,Five
Clockwork Angel (The Infernal Devices #1),In stock (14 available),£44.14,One
Spilled Milk: Based on a True Story,In stock (3 available),£49.51,One
Blood Defense (Samantha Brinkman #1),In stock (1 available),£20.30,Three
Critique of Pure Reason,In stock (5 available),£20.75,One
Siddhartha,In stock (5 available),£34.22,Five
One for the Money (Stephanie Plum #1),In stock (3 available),£32.87,Two
Between Shades of Gray,In stock (3 available),£20.79,Five
The Bridge to Consciousness: I'm Writing the Bridge Between Science and Our Old and New Beliefs.,In stock (15 available),£32.00,Three
Without Shame,In stock (9 available),£48.27,Five
"Red Hood/Arsenal, Vol. 1: Open for Business (Red Hood/Arsenal #1)",In stock (14 available),£25.48,Two
The Beast (Black Dagger Brotherhood #14),In stock (4 available),£46.08,Five
The No. 1 Ladies' Detective Agency (No. 1 Ladies' Detective Agency #1),In stock (1 available),£57.70,Four
Let's Pretend This Never Happened: A Mostly True Memoir,In stock (3 available),£45.11,One
Watchmen,In stock (9 available),£58.05,Four
Two Summers,In stock (5 available),£14.64,One
The Last Painting of Sara de Vos,In stock (3 available),£55.55,Two
House of Leaves,In stock (3 available),£54.89,One
Eleanor & Park,In stock (12 available),£56.51,Five
Girl in the Blue Coat,In stock (3 available),£46.83,Two
The Art of Not Breathing,In stock (1 available),£40.83,Four
Spark Joy: An Illustrated Master Class on the Art of Organizing and Tidying Up,In stock (16 available),£41.83,Four
Tuesday Nights in 1980,In stock (15 available),£21.04,Two
Rogue Lawyer (Rogue Lawyer #1),In stock (3 available),£50.11,Three
Man's Search for Meaning,In stock (8 available),£29.48,Three
The Unlikely Pilgrimage of Harold Fry (Harold Fry #1),In stock (8 available),£43.62,Five
The Nameless City (The Nameless City #1),In stock (16 available),£38.16,Four
More Than Music (Chasing the Dream #1),In stock (14 available),£37.61,Two
Nap-a-Roo,In stock (9 available),£25.08,One
"The Inefficiency Assassin: Time Management Tactics for Working Smarter, Not Longer",In stock (16 available),£20.59,Five
Furiously Happy: A Funny Book About Horrible Things,In stock (12 available),£41.46,Four
We the People: The Modern-Day Figures Who Have Reshaped and Affirmed the Founding Fathers' Vision of America,In stock (3 available),£31.95,Three
"William Shakespeare's Star Wars: Verily, A New Hope (William Shakespeare's Star Wars #4)",In stock (15 available),£43.30,Four
"Naturally Lean: 125 Nourishing Gluten-Free, Plant-Based Recipes--All Under 300 Calories",In stock (7 available),£11.38,Five
Outlander (Outlander #1),In stock (4 available),£19.67,Five
Jurassic Park (Jurassic Park #1),In stock (3 available),£44.97,One
The White Cat and the Monk: A Retelling of the Poem âPangur BÃ¡nâ,In stock (15 available),£58.08,Four
The Cookies & Cups Cookbook: 125+ sweet & savory recipes reminding you to Always Eat Dessert First,In stock (15 available),£41.25,One
"1,000 Places to See Before You Die",In stock (1 available),£26.08,Five
Under the Tuscan Sun,In stock (7 available),£37.33,Three
Cell,In stock (14 available),£20.29,Four
My Perfect Mistake (Over the Top #1),In stock (1 available),£38.92,Two
The Help Yourself Cookbook for Kids: 60 Easy Plant-Based Recipes Kids Can Make to Stay Healthy and Save the Earth,In stock (14 available),£28.77,Three
The Book of Basketball: The NBA According to The Sports Guy,In stock (3 available),£44.84,Five
The Power of Now: A Guide to Spiritual Enlightenment,In stock (15 available),£43.54,Two
The Love and Lemons Cookbook: An Apple-to-Zucchini Celebration of Impromptu Cooking,In stock (15 available),£37.60,Two
The Wright Brothers,In stock (14 available),£56.80,Four
Poses for Artists Volume 1 - Dynamic and Sitting Poses: An Essential Reference for Figure Drawing and the Human Form,In stock (15 available),£41.06,One
Batman: Europa,In stock (14 available),£32.01,Two
The Dream Thieves (The Raven Cycle #2),In stock (5 available),£34.50,One
The Midnight Watch: A Novel of the Titanic and the Californian,In stock (12 available),£26.20,One
Silence in the Dark (Logan Point #4),In stock (8 available),£58.33,Three
salt.,In stock (14 available),£46.78,Four
Night (The Night Trilogy #1),In stock (3 available),£13.51,One
Lord of the Flies,In stock (1 available),£24.89,Three
Changing the Game (Play by Play #2),In stock (4 available),£13.38,Three
Zero History (Blue Ant #3),In stock (3 available),£34.77,One
The Darkest Corners,In stock (5 available),£11.33,Five
Catching Jordan (Hundred Oaks),In stock (14 available),£50.83,Three
The Song of Achilles,In stock (14 available),£37.40,Five
Murder at the 42nd Street Library (Raymond Ambler #1),In stock (12 available),£54.36,Four
The Year of Living Biblically: One Man's Humble Quest to Follow the Bible as Literally as Possible,In stock (7 available),£34.72,One
"Lumberjanes, Vol. 2: Friendship to the Max (Lumberjanes #5-8)",In stock (16 available),£46.91,Two
Love Is a Mix Tape (Music #1),In stock (14 available),£18.03,One
Little Women (Little Women #1),In stock (4 available),£28.07,Four
Life,In stock (2 available),£31.58,Five
The White Queen (The Cousins' War #1),In stock (14 available),£25.91,Five
The Guilty (Will Robie #4),In stock (14 available),£13.82,Two
The Long Haul (Diary of a Wimpy Kid #9),In stock (14 available),£44.07,One
Quiet: The Power of Introverts in a World That Can't Stop Talking,In stock (3 available),£43.55,One
The Whale,In stock (7 available),£35.96,Four
"Black Butler, Vol. 1 (Black Butler #1)",In stock (3 available),£49.31,One
It's Only the Himalayas,In stock (19 available),£45.17,Two
Sense and Sensibility,In stock (1 available),£37.46,One
Cinder (The Lunar Chronicles #1),In stock (3 available),£26.09,One
Les Fleurs du Mal,In stock (8 available),£29.04,Five
The Lonely Ones,In stock (3 available),£43.59,Five
Green Eggs and Ham (Beginner Books B-16),In stock (3 available),£10.79,Four
Everydata: The Misinformation Hidden in the Little Data You Consume Every Day,In stock (16 available),£54.35,Two
"The Disappearing Spoon: And Other True Tales of Madness, Love, and the History of the World from the Periodic Table of the Elements",In stock (3 available),£57.35,Five
Ready Player One,In stock (3 available),£19.07,Four
A Heartbreaking Work of Staggering Genius,In stock (3 available),£54.29,Five
"Giant Days, Vol. 2 (Giant Days #5-8)",In stock (16 available),£22.11,Two
Black Flags: The Rise of ISIS,In stock (3 available),£40.87,One
The Mistake (Off-Campus #2),In stock (15 available),£43.29,Three
Greek Mythic History,In stock (14 available),£10.23,Five
A Gathering of Shadows (Shades of Magic #2),In stock (7 available),£44.81,Four
Leave This Song Behind: Teen Poetry at Its Best,In stock (7 available),£51.17,Five
"Our Band Could Be Your Life: Scenes from the American Indie Underground, 1981-1991",In stock (19 available),£57.25,Three
"Fruits Basket, Vol. 7 (Fruits Basket #7)",In stock (7 available),£19.57,One
When You Are Engulfed in Flames,In stock (3 available),£30.89,Five
"A History of God: The 4,000-Year Quest of Judaism, Christianity, and Islam",In stock (4 available),£27.62,One
Finding God in the Ruins: How God Redeems Pain,In stock (7 available),£46.64,Two
Heaven is for Real: A Little Boy's Astounding Story of His Trip to Heaven and Back,In stock (8 available),£52.86,Two
Call the Nurse: True Stories of a Country Nurse on a Scottish Isle,In stock (16 available),£29.14,Five
The Smitten Kitchen Cookbook,In stock (3 available),£23.59,One
Made to Stick: Why Some Ideas Survive and Others Die,In stock (14 available),£38.85,Five
Golden (Heart of Dread #3),In stock (3 available),£42.21,Four
Poisonous (Max Revere Novels #3),In stock (12 available),£26.80,Three
Morning Star (Red Rising #3),In stock (3 available),£29.40,One
The Past Never Ends,In stock (16 available),£56.50,Four
The Project,In stock (15 available),£10.65,One
Private Paris (Private #10),In stock (17 available),£47.61,Five
The Infinities,In stock (3 available),£27.41,One
"Quarter Life Poetry: Poems for the Young, Broke and Hangry",In stock (14 available),£50.89,Five
A Time of Torment (Charlie Parker #14),In stock (14 available),£48.35,Five
Hystopia: A Novel,In stock (8 available),£21.96,Four
Brain on Fire: My Month of Madness,In stock (14 available),£49.32,Five
"Shrunken Treasures: Literary Classics, Short, Sweet, and Silly",In stock (7 available),£52.87,Three
Finders Keepers (Bill Hodges Trilogy #2),In stock (15 available),£53.53,Five
Where Lightning Strikes (Bleeding Stars #3),In stock (1 available),£39.77,Three
Anonymous,In stock (15 available),£46.82,Four
"A Piece of Sky, a Grain of Rice: A Memoir in Four Meditations",In stock (16 available),£56.76,Five
The Genius of Birds,In stock (15 available),£17.24,One
"Death Note, Vol. 6: Give-and-Take (Death Note #6)",In stock (6 available),£36.39,Three
"Overload: How to Unplug, Unwind, and Unleash Yourself from the Pressure of Stress",In stock (14 available),£52.15,Three
Balloon Animals,In stock (14 available),£17.03,Three
The Life-Changing Magic of Tidying Up: The Japanese Art of Decluttering and Organizing,In stock (16 available),£16.77,Three
Tracing Numbers on a Train,In stock (15 available),£41.60,Three
See America: A Celebration of Our National Parks & Treasured Sites,In stock (14 available),£48.87,Three
Amy Meets the Saints and Sages,In stock (15 available),£18.46,Three
"Far & Away: Places on the Brink of Change: Seven Continents, Twenty-Five Years",In stock (14 available),£15.06,Four
"The Midnight Assassin: Panic, Scandal, and the Hunt for America's First Serial Killer",In stock (8 available),£28.45,Four
Glory over Everything: Beyond The Kitchen House,In stock (14 available),£45.84,Three
A Gentleman's Position (Society of Gentlemen #3),In stock (11 available),£14.75,Five
The Art Forger,In stock (16 available),£40.76,Three
Keep Me Posted,In stock (11 available),£20.46,Four
The Firm,In stock (5 available),£45.56,Three
America's War for the Greater Middle East: A Military History,In stock (5 available),£51.22,Two
The Requiem Red,In stock (19 available),£22.65,One
Fifty Shades Freed (Fifty Shades #3),In stock (3 available),£15.36,Five
The Artist's Way: A Spiritual Path to Higher Creativity,In stock (15 available),£38.49,Five
Darkfever (Fever #1),In stock (3 available),£56.02,One
Rip it Up and Start Again,In stock (19 available),£35.02,Five
Redeeming Love,In stock (15 available),£20.47,Five
Walk the Edge (Thunder Road #2),In stock (3 available),£32.36,Three
For the Love: Fighting for Grace in a World of Impossible Standards,In stock (7 available),£45.13,Three
This One Summer,In stock (16 available),£19.49,Four
The Stand,In stock (3 available),£57.86,Two
Steve Jobs,In stock (14 available),£39.50,Five
Matilda,In stock (1 available),£28.34,One
"In a Dark, Dark Wood",In stock (18 available),£19.63,One
The 7 Habits of Highly Effective People: Powerful Lessons in Personal Change,In stock (7 available),£33.17,Four
The Rise of Theodore Roosevelt (Theodore Roosevelt #1),In stock (3 available),£42.57,Three
Horrible Bear!,In stock (3 available),£37.52,Two
"So Cute It Hurts!!, Vol. 6 (So Cute It Hurts!! #6)",In stock (14 available),£35.43,Four
Vagabonding: An Uncommon Guide to the Art of Long-Term World Travel,In stock (8 available),£36.94,Two
Sarah's Key,In stock (3 available),£46.29,One
"Hush, Hush (Hush, Hush #1)",In stock (14 available),£47.02,Three
Night Shift (Night Shift #1-20),In stock (4 available),£12.75,Four
Thirteen Reasons Why,In stock (15 available),£52.72,One
The Girl You Lost,In stock (1 available),£12.29,Five
"Mama Tried: Traditional Italian Cooking for the Screwed, Crude, Vegan, and Tattooed",In stock (16 available),£14.02,Four
"Carry On, Warrior: Thoughts on Life Unarmed",In stock (14 available),£31.85,Three
"The Moosewood Cookbook: Recipes from Moosewood Restaurant, Ithaca, New York",In stock (9 available),£12.34,Four
A Fierce and Subtle Poison,In stock (16 available),£28.13,Four
Behind Closed Doors,In stock (18 available),£52.22,Four
A Distant Mirror: The Calamitous 14th Century,In stock (14 available),£14.58,Three
"The Wicked + The Divine, Vol. 3: Commercial Suicide (The Wicked + The Divine)",In stock (3 available),£14.41,Three
The Loney,In stock (14 available),£23.40,One
"Lean In: Women, Work, and the Will to Lead",In stock (3 available),£25.02,One
Starlark,In stock (1 available),£25.83,Three
The Natural History of Us (The Fine Art of Pretending #2),In stock (16 available),£45.22,Three
Good in Bed (Cannie Shapiro #1),In stock (7 available),£37.05,Five
The Light of the Fireflies,In stock (1 available),£54.43,One
Charlie and the Chocolate Factory (Charlie Bucket #1),In stock (1 available),£22.85,Three
Princess Between Worlds (Wide-Awake Princess #5),In stock (16 available),£13.34,Five
Counting Thyme,In stock (3 available),£10.62,One
The Vacationers,In stock (15 available),£42.15,Four
God: The Most Unpleasant Character in All Fiction,In stock (14 available),£30.03,Five
I Am Malala: The Girl Who Stood Up for Education and Was Shot by the Taliban,In stock (3 available),£28.88,Two
The Course of Love,In stock (2 available),£16.78,Three
Proofs of God: Classical Arguments from Tertullian to Barth,In stock (8 available),£54.21,One
Life Without a Recipe,In stock (3 available),£59.04,Five
"The Suffragettes (Little Black Classics, #96)",In stock (2 available),£11.89,Two
"Fables, Vol. 1: Legends in Exile (Fables #1)",In stock (15 available),£41.62,Four
"Fruits Basket, Vol. 6 (Fruits Basket #6)",In stock (6 available),£20.96,Four
The Star-Touched Queen,In stock (12 available),£32.30,Five
The Golden Compass (His Dark Materials #1),In stock (6 available),£18.77,One
The Name of God is Mercy,In stock (3 available),£37.25,Two
Musicophilia: Tales of Music and the Brain,In stock (6 available),£46.58,One
Join,In stock (16 available),£35.67,Five
Soft Apocalypse,In stock (15 available),£26.12,Two
The Bone Hunters (Lexy Vaughan & Steven Macaulay #2),In stock (4 available),£59.71,Three
Manuscript Found in Accra,In stock (3 available),£34.98,Two
The Story of Hong Gildong,In stock (1 available),£43.19,Four
Tipping the Velvet,In stock (20 available),£53.74,One
"Girl, Interrupted",In stock (6 available),£42.14,Three
The Secret Garden,In stock (5 available),£15.08,Four
Immunity: How Elie Metchnikoff Changed the Course of Modern Medicine,In stock (16 available),£57.36,Five
My Mother Was Nuts,In stock (5 available),£31.63,Four
The Perfect Play (Play by Play #1),In stock (4 available),£59.99,Three
"Paper Girls, Vol. 1 (Paper Girls #1-5)",In stock (1 available),£21.71,Four
The Boys in the Boat: Nine Americans and Their Epic Quest for Gold at the 1936 Berlin Olympics,In stock (19 available),£22.60,Four
"Friday Night Lights: A Town, a Team, and a Dream",In stock (3 available),£51.22,Three
World Without End (The Pillars of the Earth #2),In stock (5 available),£32.97,Four
Notes from a Small Island (Notes From a Small Island #1),In stock (3 available),£40.17,One
The Children,In stock (12 available),£11.88,Three
Thirst,In stock (16 available),£17.27,Five
A Flight of Arrows (The Pathfinders #2),In stock (16 available),£55.53,Five
The Stranger,In stock (15 available),£17.44,Four
"10% Happier: How I Tamed the Voice in My Head, Reduced Stress Without Losing My Edge, and Found Self-Help That Actually Works",In stock (10 available),£24.57,Two
Red Dragon (Hannibal Lecter #1),In stock (5 available),£23.37,Three
"The Pioneer Woman Cooks: Dinnertime: Comfort Classics, Freezer Food, 16-Minute Meals, and Other Delicious Ways to Solve Supper!",In stock (16 available),£56.41,One
The Day the Crayons Came Home (Crayons),In stock (3 available),£26.33,Five
Catastrophic Happiness: Finding Joy in Childhood's Messy Years,In stock (3 available),£37.35,Two
Psycho: Sanitarium (Psycho #1.5),In stock (12 available),£36.97,Five
The 5th Wave (The 5th Wave #1),In stock (5 available),£11.83,Two
The Catcher in the Rye,In stock (3 available),£24.55,One
A Spy's Devotion (The Regency Spies of London #1),In stock (1 available),£16.97,Five
You Are What You Love: The Spiritual Power of Habit,In stock (15 available),£21.87,Four
"Run, Spot, Run: The Ethics of Keeping Pets",In stock (2 available),£20.02,One
The Girl In The Ice (DCI Erika Foster #1),In stock (1 available),£15.85,Three
Shatter Me (Shatter Me #1),In stock (1 available),£42.40,One
Swell: A Year of Waves,In stock (14 available),£45.58,One
Soldier (Talon #3),In stock (3 available),£24.72,Two
A Man Called Ove,In stock (14 available),£39.72,One
Pride and Prejudice,In stock (6 available),£19.27,Four
Whole Lotta Creativity Going On: 60 Fun and Unusual Exercises to Awaken and Strengthen Your Creativity,In stock (14 available),£38.20,Four
Fighting Fate (Fighting #6),In stock (1 available),£39.24,Three
"Naruto (3-in-1 Edition), Vol. 14: Includes Vols. 40, 41 & 42 (Naruto: Omnibus #14)",In stock (14 available),£38.39,Two
Paradise Lost (Paradise #1),In stock (1 available),£24.96,One
Being Mortal: Medicine and What Matters in the End,In stock (8 available),£55.06,Four
The God Delusion,In stock (6 available),£46.85,Three
Harry Potter and the Chamber of Secrets (Harry Potter #2),In stock (4 available),£14.74,One
The Wedding Pact (The O'Malleys #2),In stock (14 available),£32.61,Three
Hold Your Breath (Search and Rescue #1),In stock (14 available),£28.82,One
Daily Fantasy Sports,In stock (14 available),£36.58,One
"Unseen City: The Majesty of Pigeons, the Discreet Charm of Snails & Other Wonders of the Urban Wilderness",In stock (16 available),£44.18,Four
I Will Find You,In stock (8 available),£44.21,One
The Invention of Wings,In stock (6 available),£37.34,One
The Widow,In stock (11 available),£27.26,Two
Do Androids Dream of Electric Sheep? (Blade Runner #1),In stock (3 available),£51.48,One
Wall and Piece,In stock (18 available),£44.18,Four
Death by Leisure: A Cautionary Tale,In stock (8 available),£37.51,Four
Bright Lines,In stock (1 available),£39.07,Five
"Hyperbole and a Half: Unfortunate Situations, Flawed Coping Mechanisms, Mayhem, and Other Things That Happened",In stock (14 available),£14.75,Five
Icing (Aces Hockey #2),In stock (1 available),£40.44,Four
The Blind Side: Evolution of a Game,In stock (3 available),£53.71,Five
"The Land of 10,000 Madonnas",In stock (3 available),£29.64,Four
Little Red,In stock (15 available),£13.47,Three
Running with Scissors,In stock (3 available),£12.91,Four
"Data, A Love Story: How I Gamed Online Dating to Meet My Match",In stock (5 available),£32.35,Three
The Obsession,In stock (3 available),£45.43,One
The Selfish Gene,In stock (1 available),£29.45,One
The Secret of Dreadwillow Carse,In stock (16 available),£56.13,One
Sister Sable (The Mad Queen #1),In stock (1 available),£13.33,Three
That Darkness (Gardiner and Renner #1),In stock (14 available),£13.92,One
Charity's Cross (Charles Towne Belles #4),In stock (1 available),£41.24,One
The Time Keeper,In stock (14 available),£27.88,Five
Jane Eyre,In stock (1 available),£38.43,Five
Three Wishes (River of Time: California #1),In stock (1 available),£44.18,Two
So You've Been Publicly Shamed,In stock (15 available),£12.23,Two
Raspberry Pi Electronics Projects for the Evil Genius,In stock (12 available),£49.67,Four
Lady Renegades (Rebel Belle #3),In stock (3 available),£53.04,Five
Poems That Make Grown Women Cry,In stock (15 available),£14.19,Four
The Immortal Life of Henrietta Lacks,In stock (14 available),£40.67,Two
Legend (Legend #1),In stock (3 available),£43.69,Four
Let It Out: A Journey Through Journaling,In stock (14 available),£26.79,Five
Crazy Love: Overwhelmed by a Relentless God,In stock (14 available),£47.72,Two
This One Moment (Pushing Limits #1),In stock (1 available),£48.71,One
Diary of a Citizen Scientist: Chasing Tiger Beetles and Other New Ways of Engaging the World,In stock (8 available),£28.41,One
World War Z: An Oral History of the Zombie War,In stock (3 available),£21.80,One
Catherine the Great: Portrait of a Woman,In stock (6 available),£58.55,Four
Online Marketing for Busy Authors: A Step-By-Step Guide,In stock (16 available),£46.35,One
Set Me Free,In stock (19 available),£17.46,Five
Close to You,In stock (15 available),£49.46,Four
"Rich Dad, Poor Dad",In stock (7 available),£51.74,One
The Power Greens Cookbook: 140 Delicious Superfood Recipes,In stock (5 available),£11.05,Five
The Demonists (Demonist #1),In stock (4 available),£52.11,Two
The Most Perfect Thing: Inside (and Outside) a Bird's Egg,In stock (16 available),£42.96,Four
Take Me Home Tonight (Rock Star Romance #3),In stock (11 available),£53.98,Three
Drive: The Surprising Truth About What Motivates Us,In stock (15 available),£34.95,Four
Neither Here nor There: Travels in Europe,In stock (3 available),£38.95,Three
The Faith of Christopher Hitchens: The Restless Soul of the World's Most Notorious Atheist,In stock (7 available),£39.55,One
The Elephant Tree,In stock (18 available),£23.82,Five
Camp Midnight,In stock (16 available),£17.08,Four
Persepolis: The Story of a Childhood (Persepolis #1-2),In stock (3 available),£39.13,One
"Born to Run: A Hidden Tribe, Superathletes, and the Greatest Race the World Has Never Seen",In stock (3 available),£27.35,Two
Harry Potter and the Sorcerer's Stone (Harry Potter #1),In stock (4 available),£13.90,Three
"The Art of Simple Food: Notes, Lessons, and Recipes from a Delicious Revolution",In stock (3 available),£34.32,Three
#HigherSelfie: Wake Up Your Life. Free Your Soul. Find Your Tribe.,In stock (17 available),£23.11,Five
Scott Pilgrim's Precious Little Life (Scott Pilgrim #1),In stock (19 available),£52.29,Five
Luckiest Girl Alive,In stock (14 available),£49.83,Three
Lola and the Boy Next Door (Anna and the French Kiss #2),In stock (5 available),£23.63,Four
Gone with the Wind,In stock (4 available),£32.49,Three
"Ajin: Demi-Human, Volume 1 (Ajin: Demi-Human #1)",In stock (1 available),£57.06,Four
The Four Agreements: A Practical Guide to Personal Freedom,In stock (18 available),£17.66,Five
The Metamorphosis,In stock (5 available),£28.58,One
The Demon-Haunted World: Science as a Candle in the Dark,In stock (3 available),£52.25,Four
"Living Leadership by Insight: A Good Leader Achieves, a Great Leader Builds Monuments",In stock (14 available),£46.91,Four
Olio,In stock (19 available),£23.88,One
"A Murder Over a Girl: Justice, Gender, Junior High",In stock (8 available),£13.20,Three
A Storm of Swords (A Song of Ice and Fire #3),In stock (3 available),£31.22,Two
The Jazz of Physics: The Secret Link Between Music and the Structure of the Universe,In stock (4 available),£38.71,Three
Arena,In stock (11 available),£21.36,Four
The Giver (The Giver Quartet #1),In stock (3 available),£12.30,One
Take Me with You,In stock (14 available),£45.21,Three
"Saga, Volume 6 (Saga (Collected Editions) #6)",In stock (16 available),£25.02,Three
The Year of Magical Thinking,In stock (14 available),£43.04,Two
First and First (Five Boroughs #3),In stock (16 available),£15.97,Four
Hide Away (Eve Duncan #20),In stock (12 available),£11.84,One
Heir to the Sky,In stock (3 available),£44.07,Four
The Name of the Wind (The Kingkiller Chronicle #1),In stock (1 available),£50.59,Three
"Unbound: How Eight Technologies Made Us Human, Transformed Society, and Brought Our World to the Brink",In stock (16 available),£25.52,One
Tastes Like Fear (DI Marnie Rome #3),In stock (14 available),£10.69,One
Raymie Nightingale,In stock (7 available),£34.41,Two
The Murder of Roger Ackroyd (Hercule Poirot #4),In stock (15 available),£44.10,Four
The Rosie Project (Don Tillman #1),In stock (14 available),£54.04,One
"Y: The Last Man, Vol. 1: Unmanned (Y: The Last Man #1)",In stock (1 available),£18.51,Four
Twenties Girl,In stock (3 available),£42.80,Two
"Fruits Basket, Vol. 3 (Fruits Basket #3)",In stock (3 available),£45.17,Two
The Bane Chronicles (The Bane Chronicles #1-11),In stock (14 available),£44.73,Four
Eligible (The Austen Project #4),In stock (14 available),£27.09,Three
The Nicomachean Ethics,In stock (1 available),£36.34,One
Mr. Mercedes (Bill Hodges Trilogy #1),In stock (14 available),£28.90,One
Soul Reader,In stock (16 available),£39.58,Two
City of Ashes (The Mortal Instruments #2),In stock (14 available),£47.27,One
Meternity,In stock (7 available),£43.58,Three
Inferno (Robert Langdon #4),In stock (3 available),£41.00,Five
Looking for Lovely: Collecting the Moments that Matter,In stock (14 available),£29.14,Five
The Hidden Oracle (The Trials of Apollo #1),In stock (14 available),£52.26,Two
Approval Junkie: Adventures in Caring Too Much,In stock (5 available),£58.81,Five
"Adulthood Is a Myth: A ""Sarah's Scribbles"" Collection",In stock (14 available),£10.90,Two
Patience,In stock (16 available),£10.16,Three
A Girl's Guide to Moving On (New Beginnings #2),In stock (5 available),£31.30,One
"NaNo What Now? Finding your editing process, revising your NaNoWriMo book and building a writing career through publishing and beyond",In stock (9 available),£10.41,Four
Harry Potter and the Order of the Phoenix (Harry Potter #5),In stock (4 available),£31.63,Four
"Where'd You Go, Bernadette",In stock (3 available),£18.13,One
An Unquiet Mind: A Memoir of Moods and Madness,In stock (6 available),£21.30,Three
Zealot: The Life and Times of Jesus of Nazareth,In stock (14 available),£24.70,Three
Killing Floor (Jack Reacher #1),In stock (5 available),£31.49,Four
El Deafo,In stock (14 available),£57.62,Five
Kitchens of the Great Midwest,In stock (1 available),£57.20,Five
Island of Dragons (Unwanteds #7),In stock (14 available),£29.65,One
How Music Works,In stock (19 available),£37.32,Two
Forever and Forever: The Courtship of Henry Longfellow and Fanny Appleton,In stock (16 available),£29.69,Three
"Deliciously Ella Every Day: Quick and Easy Recipes for Gluten-Free Snacks, Packed Lunches, and Simple Meals",In stock (15 available),£42.16,Three
"House of Lost Worlds: Dinosaurs, Dynasties, and the Story of Life on Earth",In stock (3 available),£43.70,Two
The Star-Touched Queen,In stock (14 available),£46.02,Five
The Autobiography of Malcolm X,In stock (3 available),£23.43,Two
The Art of Fielding,In stock (3 available),£22.10,One
Bounty (Colorado Mountain #7),In stock (1 available),£37.26,Four
Adultery,In stock (11 available),£20.88,Five
Suzie Snowflake: One beautiful flake (a self-esteem story),In stock (9 available),£54.81,Five
Toddlers Are A**holes: It's Not Your Fault,In stock (7 available),£25.55,One
"Zero to One: Notes on Startups, or How to Build the Future",In stock (8 available),£34.06,Three
The New Drawing on the Right Side of the Brain,In stock (8 available),£43.02,Three
Harry Potter and the Prisoner of Azkaban (Harry Potter #3),In stock (4 available),£24.17,Four
The Marriage of Opposites,In stock (14 available),£28.08,Four
Soumission,In stock (20 available),£50.10,One
Abstract City,In stock (14 available),£56.37,Five
Full Moon over Noahâs Ark: An Odyssey to Mount Ararat and Beyond,In stock (15 available),£49.43,Four
Shiver (The Wolves of Mercy Falls #1),In stock (5 available),£16.23,Five
The Guns of August,In stock (3 available),£14.54,Two
The Electric Pencil: Drawings from Inside State Hospital No. 3,In stock (16 available),£56.06,One
Original Fake,In stock (3 available),£31.45,Three
A People's History of the United States,In stock (14 available),£40.79,Two
Chasing Heaven: What Dying Taught Me About Living,In stock (15 available),£37.80,Two
I Am Pilgrim (Pilgrim #1),In stock (14 available),£10.60,Four
Secrets and Lace (Fatal Hearts #1),In stock (15 available),£20.27,One
The Man Who Mistook His Wife for a Hat and Other Clinical Tales,In stock (6 available),£59.45,Four
Please Kill Me: The Uncensored Oral History of Punk,In stock (8 available),£31.19,Four
Animal Farm,In stock (4 available),£57.22,Three
Snatched: How A Drug Queen Went Undercover for the DEA and Was Kidnapped By Colombian Guerillas,In stock (12 available),£21.21,Three
The 14th Colony (Cotton Malone #11),In stock (14 available),£39.24,One
"Ouran High School Host Club, Vol. 1 (Ouran High School Host Club #1)",In stock (1 available),£29.87,Three
Between the World and Me,In stock (8 available),£56.91,Four
Misery,In stock (4 available),£34.79,Two
God Is Not Great: How Religion Poisons Everything,In stock (4 available),£27.80,One
City of Glass (The Mortal Instruments #3),In stock (14 available),£56.02,Four
Off the Hook (Fishing for Trouble #1),In stock (11 available),£47.67,Three
Eight Hundred Grapes,In stock (14 available),£14.39,Four
A Short History of Nearly Everything,In stock (7 available),£52.40,Five
Alight (The Generations Trilogy #2),In stock (5 available),£58.59,Four
You Are a Badass: How to Stop Doubting Your Greatness and Start Living an Awesome Life,In stock (7 available),£12.08,Three
Choosing Our Religion: The Spiritual Lives of America's Nones,In stock (1 available),£28.42,Four
The Husband's Secret,In stock (3 available),£52.51,Five
Night Sky with Exit Wounds,In stock (15 available),£41.05,One
Eclipse (Twilight #3),In stock (3 available),£18.74,One
"Orchestra of Exiles: The Story of Bronislaw Huberman, the Israel Philharmonic, and the One Thousand Jews He Saved from Nazi Horrors",In stock (4 available),£12.36,Three
The Odyssey,In stock (1 available),£29.64,Three
Like Never Before (Walker Family #2),In stock (7 available),£28.77,Two
Seven Brief Lessons on Physics,In stock (3 available),£30.60,Four
The Red Tent,In stock (3 available),£35.66,Five
The Maze Runner (The Maze Runner #1),In stock (3 available),£20.93,One
Cravings: Recipes for What You Want to Eat,In stock (11 available),£20.50,Three
Ayumi's Violin,In stock (15 available),£15.48,Two
How to Cook Everything Vegetarian: Simple Meatless Recipes for Great Food (How to Cook Everything),In stock (7 available),£46.01,Four
The Complete Poems,In stock (3 available),£41.32,Five
Wuthering Heights,In stock (3 available),£17.73,Three
Twenty Love Poems and a Song of Despair,In stock (1 available),£30.95,Four
Rook,In stock (13 available),£37.86,Four
"Layered: Baking, Building, and Styling Spectacular Cakes",In stock (16 available),£40.11,One
Her Backup Boyfriend (The Sorensen Family #1),In stock (16 available),£33.97,One
"Unbroken: A World War II Story of Survival, Resilience, and Redemption",In stock (14 available),£45.95,Two
The High Mountains of Portugal,In stock (8 available),£51.15,One
Disrupted: My Misadventure in the Start-Up Bubble,In stock (3 available),£15.28,Five
The Grownup,In stock (8 available),£35.88,One
Agnostic: A Spirited Manifesto,In stock (15 available),£12.51,Five
Atlas Shrugged,In stock (4 available),£26.58,Five
The Book Thief,In stock (3 available),£53.49,Two
How to Stop Worrying and Start Living,In stock (6 available),£46.49,Five
Dracula the Un-Dead,In stock (5 available),£35.63,Five
Burning,In stock (16 available),£28.81,Three
Frostbite (Vampire Academy #2),In stock (15 available),£29.99,Five
"Rat Queens, Vol. 1: Sass & Sorcery (Rat Queens (Collected Editions) #1-5)",In stock (1 available),£46.96,Five
My Kind of Crazy,In stock (14 available),£40.36,One
"Fruits Basket, Vol. 5 (Fruits Basket #5)",In stock (5 available),£16.33,One
Packing for Mars: The Curious Science of Life in the Void,In stock (3 available),£56.68,Two
The Hobbit (Middle-Earth Universe),In stock (6 available),£17.80,Five
Prodigy: The Graphic Novel (Legend: The Graphic Novel #2),In stock (3 available),£43.63,Three
Red: The True Story of Red Riding Hood,In stock (3 available),£28.54,Three
Troublemaker: Surviving Hollywood and Scientology,In stock (11 available),£48.39,Two
The Purest Hook (Second Circle Tattoos #3),In stock (3 available),£12.25,One
Lust & Wonder,In stock (3 available),£11.87,Two
The Silent Sister (Riley MacPherson #1),In stock (12 available),£46.29,Five
"The Wicked + The Divine, Vol. 1: The Faust Act (The Wicked + The Divine)",In stock (1 available),£36.52,Two
The Hiding Place,In stock (5 available),£55.91,Four
Sapiens: A Brief History of Humankind,In stock (20 available),£54.23,Five
Rework,In stock (3 available),£44.88,Two
H is for Hawk,In stock (2 available),£57.42,Five
Twilight (Twilight #1),In stock (3 available),£41.93,Two
The Mathews Men: Seven Brothers and the War Against Hitler's U-boats,In stock (5 available),£42.91,Five
Imperfect Harmony,In stock (1 available),£34.74,Four
Smarter Faster Better: The Secrets of Being Productive in Life and Business,In stock (8 available),£38.89,Five
Crazy Rich Asians (Crazy Rich Asians #1),In stock (3 available),£49.13,Five
Reasons to Stay Alive,In stock (17 available),£26.41,Two
Dirty (Dive Bar #1),In stock (12 available),£40.83,Four
Reservations for Two,In stock (3 available),£11.10,Three
Pet Sematary,In stock (14 available),£10.56,Three
A Brush of Wings (Angels Walking #3),In stock (14 available),£55.51,One
Dear Mr. Knightley,In stock (14 available),£11.21,Five
"Lumberjanes, Vol. 1: Beware the Kitten Holy (Lumberjanes #1-4)",In stock (16 available),£45.61,Three
Wild: From Lost to Found on the Pacific Crest Trail,In stock (3 available),£46.02,Three
Life After Life,In stock (3 available),£26.13,Two
Reskilling America: Learning to Labor in the Twenty-First Century,In stock (16 available),£19.83,Two
Girl With a Pearl Earring,In stock (4 available),£26.77,One
Mothering Sunday,In stock (11 available),£13.34,Two
History of Beauty,In stock (8 available),£10.29,Four
"The Bulletproof Diet: Lose up to a Pound a Day, Reclaim Energy and Focus, Upgrade Your Life",In stock (16 available),£49.05,Three
The Cat in the Hat (Beginner Books B-1),In stock (3 available),£16.26,Two
Kill the Boy Band,In stock (5 available),£15.52,Five
Big Magic: Creative Living Beyond Fear,In stock (15 available),£30.80,Three
Rain Fish,In stock (14 available),£23.57,Three
10-Day Green Smoothie Cleanse: Lose Up to 15 Pounds in 10 Days!,In stock (10 available),£49.71,Five
Shadow Rites (Jane Yellowrock #10),In stock (1 available),£21.72,Four
A World of Flavor: Your Gluten Free Passport,In stock (16 available),£42.95,One
Security,In stock (16 available),£39.25,Two
The Nanny Diaries (Nanny #1),In stock (3 available),£52.53,Five
Sugar Rush (Offensive Line #2),In stock (2 available),£24.42,One
"Saga, Volume 2 (Saga (Collected Editions) #2)",In stock (2 available),£11.75,Three
Letter to a Christian Nation,In stock (3 available),£22.20,One
Girl Online On Tour (Girl Online #2),In stock (2 available),£53.47,One
The Diary of a Young Girl,In stock (12 available),£59.90,Three
Left Behind (Left Behind #1),In stock (8 available),£40.72,Two
Born for This: How to Find the Work You Were Meant to Do,In stock (11 available),£21.59,Five
The Raven King (The Raven Cycle #4),In stock (5 available),£30.57,Two
"Blue Lily, Lily Blue (The Raven Cycle #3)",In stock (5 available),£34.13,Five
Harry Potter and the Half-Blood Prince (Harry Potter #6),In stock (4 available),£48.75,Five
Tipping Point for Planet Earth: How Close Are We to the Edge?,In stock (12 available),£37.55,One
The Glass Castle,In stock (7 available),£16.24,One
The Hitchhiker's Guide to the Galaxy (Hitchhiker's Guide to the Galaxy #1),In stock (3 available),£47.80,Three
Midnight Riot (Peter Grant/ Rivers of London - books #1),In stock (3 available),£55.46,Two
Are We There Yet?,In stock (3 available),£10.66,Three
Fun Home: A Family Tragicomic,In stock (6 available),£56.59,Four
"Lamb: The Gospel According to Biff, Christ's Childhood Pal",In stock (3 available),£55.50,Five
Grey (Fifty Shades #4),In stock (11 available),£48.49,Four
Breaking Dawn (Twilight #4),In stock (3 available),£35.28,Five
Booked,In stock (5 available),£17.49,Five
I've Got Your Number,In stock (3 available),£19.69,One
This Is Your Brain on Music: The Science of a Human Obsession,In stock (5 available),£38.40,One
The Girl Who Kicked the Hornet's Nest (Millennium Trilogy #3),In stock (3 available),£57.48,One
Sorting the Beef from the Bull: The Science of Food Fraud Forensics,In stock (14 available),£44.74,Four
Until Friday Night (The Field Party #1),In stock (14 available),£46.31,Two
If I Gave You God's Phone Number....: Searching for Spirituality in America,In stock (9 available),£20.91,One
The Crossover,In stock (5 available),£38.77,Four
The Little Paris Bookshop,In stock (5 available),£24.73,Three
"Foolproof Preserving: A Guide to Small Batch Jams, Jellies, Pickles, Condiments, and More: A Foolproof Guide to Making Small Batch Jams, Jellies, Pickles, Condiments, and More",In stock (19 available),£30.52,Three
Something Blue (Darcy & Rachel #2),In stock (3 available),£54.62,One
Amatus,In stock (15 available),£50.54,Five
The Alien Club,In stock (9 available),£54.40,One
The First Hostage (J.B. Collins #2),In stock (14 available),£25.85,Three
Bridget Jones's Diary (Bridget Jones #1),In stock (1 available),£29.82,One
The Argonauts,In stock (15 available),£10.93,Two
Evicted: Poverty and Profit in the American City,In stock (5 available),£42.27,One
The Darkest Lie,In stock (14 available),£35.35,Five
The Flowers Lied,In stock (9 available),£16.68,Two
My Life Next Door (My Life Next Door ),In stock (8 available),£36.39,Five
The Girl on the Train,In stock (15 available),£55.02,Two
Give It Back,In stock (6 available),£18.32,Two
The End of the Jesus Era (An Investigation #1),In stock (1 available),£14.40,One
A Summer In Europe,In stock (7 available),£44.34,Two
"Saga, Volume 5 (Saga (Collected Editions) #5)",In stock (16 available),£51.04,Two
Holidays on Ice,In stock (3 available),£51.07,Two
The Goldfinch,In stock (3 available),£43.58,Three
"David and Goliath: Underdogs, Misfits, and the Art of Battling Giants",In stock (3 available),£17.81,One
It Didn't Start with You: How Inherited Family Trauma Shapes Who We Are and How to End the Cycle,In stock (11 available),£56.27,Three
Mrs. Houdini,In stock (15 available),£30.25,Five
The Perks of Being a Wallflower,In stock (6 available),£55.02,Three
The Bachelor Girl's Guide to Murder (Herringford and Watts Mysteries #1),In stock (7 available),£52.30,Five
The Road to Little Dribbling: Adventures of an American in Britain (Notes From a Small Island #2),In stock (3 available),£23.21,One
Still Life with Bread Crumbs,In stock (14 available),£26.41,Three
The Paris Wife,In stock (3 available),£36.80,Three
Sophie's World,In stock (18 available),£15.94,Five
Frankenstein,In stock (1 available),£38.00,Two
The Mirror & the Maze (The Wrath and the Dawn #1.5),In stock (1 available),£29.38,One
Talking to Girls About Duran Duran: One Young Man's Quest for True Love and a Cooler Haircut,In stock (5 available),£25.15,Four
"A la Mode: 120 Recipes in 60 Pairings: Pies, Tarts, Cakes, Crisps, and More Topped with Ice Cream, Gelato, Frozen Custard, and More",In stock (12 available),£38.77,One
Under the Banner of Heaven: A Story of Violent Faith,In stock (3 available),£30.00,One
Stars Above (The Lunar Chronicles #4.5),In stock (12 available),£48.05,Two
Paper and Fire (The Great Library #2),In stock (4 available),£49.45,Five
Most Wanted,In stock (12 available),£35.28,Three
In Her Wake,In stock (19 available),£12.84,One
Kierkegaard: A Christian Missionary to Christians,In stock (8 available),£47.13,One
"It's All Easy: Healthy, Delicious Weeknight Meals in under 30 Minutes",In stock (14 available),£19.55,One
When Breath Becomes Air,In stock (8 available),£39.36,Two
"Love, Lies and Spies",In stock (12 available),£20.55,Two
And Then There Were None,In stock (3 available),£35.01,Two
Travels with Charley: In Search of America,In stock (1 available),£57.82,Five
"A Series of Catastrophes and Miracles: A True Story of Love, Science, and Cancer",In stock (14 available),£56.48,Two
Dark Notes,In stock (15 available),£19.19,Five
Mesaerion: The Best Science Fiction Stories 1800-1849,In stock (19 available),£37.59,One
Playing with Fire,In stock (11 available),£13.71,Three
"Eat Fat, Get Thin",In stock (14 available),£54.07,Two
"The Fabric of the Cosmos: Space, Time, and the Texture of Reality",In stock (9 available),£55.91,One
The Tumor,In stock (1 available),£41.56,Five
The Makings of a Fatherless Child,In stock (6 available),£31.58,Two
"Saga, Volume 1 (Saga (Collected Editions) #1)",In stock (1 available),£28.48,One
The Passion of Dolssa,In stock (4 available),£28.32,Five
Vegan Vegetarian Omnivore: Dinner for Everyone at the Table,In stock (3 available),£13.66,Two
The Girl Who Played with Fire (Millennium Trilogy #2),In stock (3 available),£22.14,Two
Follow You Home,In stock (15 available),£21.36,One
"Giant Days, Vol. 1 (Giant Days #1-4)",In stock (1 available),£56.76,Four
Black Dust,In stock (19 available),£34.53,Five
What's It Like in Space?: Stories from Astronauts Who've Been There,In stock (14 available),£19.60,Two
Chernobyl 01:23:40: The Incredible True Story of the World's Worst Nuclear Disaster,In stock (9 available),£35.92,Two
Scarlett Epstein Hates It Here,In stock (15 available),£43.55,Five
"Vampire Knight, Vol. 1 (Vampire Knight #1)",In stock (1 available),£15.40,One
1st to Die (Women's Murder Club #1),In stock (1 available),£53.98,One
If I Stay (If I Stay #1),In stock (5 available),£38.13,Five
The Hunger Games (The Hunger Games #1),In stock (4 available),£29.85,Five
Two Boys Kissing,In stock (3 available),£32.74,Two
The Testament of Mary,In stock (14 available),£52.67,Four
Library of Souls (Miss Peregrineâs Peculiar Children #3),In stock (15 available),£48.56,Five
Danganronpa Volume 1,In stock (16 available),£51.99,Four
Twenty Yawns,In stock (14 available),£22.08,Two
Deep Under (Walker Security #1),In stock (1 available),£47.09,Five
Miller's Valley,In stock (8 available),£58.54,Two
Throne of Glass (Throne of Glass #1),In stock (15 available),£35.07,Three
A Mother's Reckoning: Living in the Aftermath of Tragedy,In stock (11 available),£19.53,Three
The Five Love Languages: How to Express Heartfelt Commitment to Your Mate,In stock (18 available),£31.05,Three
Large Print Heart of the Pride,In stock (15 available),£19.15,Two
The Expatriates,In stock (5 available),£44.58,Two
How to Speak Golf: An Illustrated Guide to Links Lingo,In stock (12 available),£58.32,Five
"Mother, Can You Not?",In stock (11 available),£16.89,Five
A Hero's Curse (The Unseen Chronicles #1),In stock (9 available),£50.49,Three
"Codename Baboushka, Volume 1: The Conclave of Death",In stock (16 available),£36.72,Four
Deception Point,In stock (6 available),£40.32,Four
The Communist Manifesto,In stock (1 available),£14.76,Three
Every Heart a Doorway (Every Heart A Doorway #1),In stock (7 available),£12.16,Five
Is Everyone Hanging Out Without Me? (And Other Concerns),In stock (3 available),£20.11,Three
Amid the Chaos,In stock (15 available),£36.58,One
Cometh the Hour (The Clifton Chronicles #6),In stock (14 available),£25.01,Three
Out of Print: City Lights Spotlight No. 14,In stock (8 available),£53.64,Five
Cosmos,In stock (3 available),£36.17,Two
A Feast for Crows (A Song of Ice and Fire #4),In stock (5 available),£17.21,Four
Brilliant Beacons: A History of the American Lighthouse,In stock (8 available),£11.45,Three
The Rise and Fall of the Third Reich: A History of Nazi Germany,In stock (6 available),£39.67,Two
Last One Home (New Beginnings #1),In stock (5 available),£59.98,Three
Having the Barbarian's Baby (Ice Planet Barbarians #7.5),In stock (1 available),£34.96,Four
The Emerald Mystery,In stock (15 available),£23.15,Two
A Murder in Time,In stock (16 available),£16.64,One
My Name Is Lucy Barton,In stock (14 available),£41.56,One
Art Ops Vol. 1,In stock (14 available),£48.80,Three
Dress Your Family in Corduroy and Denim,In stock (9 available),£43.68,Three
The Joy of Cooking,In stock (6 available),£43.27,Four
Hamilton: The Revolution,In stock (14 available),£58.79,Three
Gone Girl,In stock (3 available),£37.60,Five
Blink: The Power of Thinking Without Thinking,In stock (3 available),£21.74,Five
M Train,In stock (11 available),£27.18,One
"Rhythm, Chord & Malykhin",In stock (1 available),£28.34,Two
The Bad-Ass Librarians of Timbuktu: And Their Race to Save the Worldâs Most Precious Manuscripts,In stock (14 available),£15.77,One
Beowulf,In stock (3 available),£38.35,Two
The New Guy (and Other Senior Year Distractions),In stock (3 available),£44.92,Three
"Eaternity: More than 150 Deliciously Easy Vegan Recipes for a Long, Healthy, Satisfied, Joyful Life",In stock (14 available),£51.75,Five
When I'm Gone,In stock (1 available),£51.96,Three
City of Bones (The Mortal Instruments #1),In stock (14 available),£43.28,One
Birdsong: A Story in Pictures,In stock (19 available),£54.64,Three
Why the Right Went Wrong: Conservatism--From Goldwater to the Tea Party and Beyond,In stock (14 available),£52.65,Four
"We Love You, Charlie Freeman",In stock (16 available),£50.27,Five
"Princess Jellyfish 2-in-1 Omnibus, Vol. 01 (Princess Jellyfish 2-in-1 Omnibus #1)",In stock (16 available),£13.61,Five
I Had a Nice Time And Other Lies...: How to find love & sh*t like that,In stock (15 available),£57.36,Four
"Fruits Basket, Vol. 1 (Fruits Basket #1)",In stock (1 available),£40.28,Five
Fire Bound (Sea Haven/Sisters of the Heart #5),In stock (3 available),£21.28,Four
The Literature Book (Big Ideas Simply Explained),In stock (14 available),£17.43,Three
Brazen: The Courage to Find the You That's Been Hiding,In stock (8 available),£19.22,Two
Dune (Dune #1),In stock (3 available),£54.86,One
The Martian (The Martian #1),In stock (8 available),£41.39,Two
Why Save the Bankers?: And Other Essays on Our Economic and Political Crisis,In stock (5 available),£48.67,Two
