,Title,Synonyms,Japanese,English,Type,Episodes,Status,Aired,Premiered,Broadcast,Producers,Licensors,Studios,Source,Genres,Themes,Demographic,Duration,Rating,Score,Ranked,Popularity,Members,Favorites
0,Fullmetal Alchemist: Brotherhood,"Hagane no Renkinjutsushi: Fullmetal Alchemist, Fullmetal Alchemist (2009), FMA, FMAB",鋼の錬金術師 FULLMETAL ALCHEMIST,Fullmetal Alchemist: Brotherhood,TV,64,Finished Airing,"Apr 5, 2009 to Jul 4, 2010",Spring 2009,Sundays at 17:00 (JST),"Aniplex , Square Enix , Mainichi Broadcasting System , Studio Moriken","Funimation , Aniplex of America",Bones,Manga,"Action Action, Adventure Adventure, Drama Drama, Fantasy Fantasy",,Shounen Shounen,24 min. per ep.,R - 17+ (violence & profanity),"9.09 1 (scored by 2106269 2,106,269 users) 1 indicates a weighted score .",#2 2 2 based on the top anime page. Please note that 'Not yet aired' and 'R18+' titles are excluded.,#3,"3,321,679","224,722"
1,Sword Art Online,"S.A.O, SAO",ソードアート・オンライン,Sword Art Online,TV,25,Finished Airing,"Jul 8, 2012 to Dec 23, 2012",Summer 2012,Sundays at 00:00 (JST),"Aniplex , Genco , DAX Production , ASCII Media Works , Bandai Namco Games",Aniplex of America,A-1 Pictures,Light novel,"Action Action, Adventure Adventure, Fantasy Fantasy, Romance Romance","Love Polygon Love Polygon, Video Game Video Game",,23 min. per ep.,PG-13 - Teens 13 or older,"7.20 1 (scored by 2137462 2,137,462 users) 1 indicates a weighted score .",#3183 2 2 based on the top anime page. Please note that 'Not yet aired' and 'R18+' titles are excluded.,#5,"3,055,714","68,496"
2,Naruto,NARUTO,ナルト,Naruto,TV,220,Finished Airing,"Oct 3, 2002 to Feb 8, 2007",Fall 2002,Thursdays at 19:30 (JST),"TV Tokyo , Aniplex , Shueisha",VIZ Media,Pierrot,Manga,"Action Action, Adventure Adventure, Fantasy Fantasy",,Shounen Shounen,23 min. per ep.,PG-13 - Teens 13 or older,"7.99 1 (scored by 1960795 1,960,795 users) 1 indicates a weighted score .",#634 2 2 based on the top anime page. Please note that 'Not yet aired' and 'R18+' titles are excluded.,#8,"2,834,094","79,513"
3,Hunter x Hunter (2011),HxH (2011),HUNTER×HUNTER（ハンター×ハンター）,Hunter x Hunter,TV,148,Finished Airing,"Oct 2, 2011 to Sep 24, 2014",Fall 2011,Sundays at 10:55 (JST),"VAP , Nippon Television Network , Shueisha",VIZ Media,Madhouse,Manga,"Action Action, Adventure Adventure, Fantasy Fantasy",,Shounen Shounen,23 min. per ep.,PG-13 - Teens 13 or older,"9.04 1 (scored by 1746028 1,746,028 users) 1 indicates a weighted score .",#7 2 2 based on the top anime page. Please note that 'Not yet aired' and 'R18+' titles are excluded.,#9,"2,806,664","208,992"
4,Naruto: Shippuuden,Naruto Hurricane Chronicles,-ナルト- 疾風伝,Naruto Shippuden,TV,500,Finished Airing,"Feb 15, 2007 to Mar 23, 2017",Winter 2007,Thursdays at 19:30 (JST),"TV Tokyo , Aniplex , KSS , Rakuonsha , TV Tokyo Music , Shueisha",VIZ Media,Pierrot,Manga,"Action Action, Adventure Adventure, Fantasy Fantasy",,Shounen Shounen,23 min. per ep.,PG-13 - Teens 13 or older,"8.27 1 (scored by 1645506 1,645,506 users) 1 indicates a weighted score .",#290 2 2 based on the top anime page. Please note that 'Not yet aired' and 'R18+' titles are excluded.,#16,"2,465,401","112,007"
5,One Piece,OP,ONE PIECE,One Piece,TV,Unknown,Currently Airing,"Oct 20, 1999 to ?",Fall 1999,Sundays at 09:30 (JST),"Fuji TV , TAP , Shueisha","Funimation , 4Kids Entertainment",Toei Animation,Manga,"Action Action, Adventure Adventure, Fantasy Fantasy",,Shounen Shounen,24 min.,PG-13 - Teens 13 or older,"8.72 1 (scored by 1323788 1,323,788 users) 1 indicates a weighted score .",#50 2 2 based on the top anime page. Please note that 'Not yet aired' and 'R18+' titles are excluded.,#19,"2,332,179","218,460"
6,Nanatsu no Taizai,,七つの大罪,The Seven Deadly Sins,TV,24,Finished Airing,"Oct 5, 2014 to Mar 29, 2015",Fall 2014,Sundays at 17:00 (JST),"Aniplex , Dentsu , Mainichi Broadcasting System , Kodansha , Movic",Funimation,A-1 Pictures,Manga,"Action Action, Adventure Adventure, Fantasy Fantasy",,Shounen Shounen,24 min. per ep.,PG-13 - Teens 13 or older,"7.64 1 (scored by 1335314 1,335,314 users) 1 indicates a weighted score .",#1335 2 2 based on the top anime page. Please note that 'Not yet aired' and 'R18+' titles are excluded.,#32,"2,044,933","19,303"
7,Sword Art Online II,"Phantom Bullet, SAO II, Sword Art Online 2, SAO 2",ソードアート・オンライン II,Sword Art Online II,TV,24,Finished Airing,"Jul 5, 2014 to Dec 20, 2014",Summer 2014,Mondays at 00:00 (JST),"Aniplex , Genco , ASCII Media Works , Bandai Namco Games",Aniplex of America,A-1 Pictures,Light novel,"Action Action, Adventure Adventure, Fantasy Fantasy, Romance Romance","Love Polygon Love Polygon, Video Game Video Game",,23 min. per ep.,PG-13 - Teens 13 or older,"6.71 1 (scored by 1327180 1,327,180 users) 1 indicates a weighted score .",#5592 2 2 based on the top anime page. Please note that 'Not yet aired' and 'R18+' titles are excluded.,#36,"1,966,767","9,382"
8,Bleach,,BLEACH - ブリーチ -,Bleach,TV,366,Finished Airing,"Oct 5, 2004 to Mar 27, 2012",Fall 2004,Tuesdays at 18:00 (JST),"TV Tokyo , Aniplex , Dentsu , TV Tokyo Music , Shueisha",VIZ Media,Pierrot,Manga,"Action Action, Adventure Adventure, Fantasy Fantasy",,Shounen Shounen,24 min. per ep.,PG-13 - Teens 13 or older,"7.94 1 (scored by 1123149 1,123,149 users) 1 indicates a weighted score .",#701 2 2 based on the top anime page. Please note that 'Not yet aired' and 'R18+' titles are excluded.,#39,"1,951,936","73,114"
9,Kono Subarashii Sekai ni Shukufuku wo!,Give Blessings to This Wonderful World!,この素晴らしい世界に祝福を！,KonoSuba: God's Blessing on This Wonderful World!,TV,10,Finished Airing,"Jan 14, 2016 to Mar 17, 2016",Winter 2016,Thursdays at 01:05 (JST),"Half H.P Studio , Nippon Columbia , KlockWorx , Sony Music Communications , Toranoana , 81 Produce , Kadokawa Media House , Kadokawa","Discotek Media , Crunchyroll",Studio Deen,Light novel,"Adventure Adventure, Comedy Comedy, Fantasy Fantasy","Isekai Isekai, Parody Parody",,23 min. per ep.,PG-13 - Teens 13 or older,"8.10 1 (scored by 1263630 1,263,630 users) 1 indicates a weighted score .",#489 2 2 based on the top anime page. Please note that 'Not yet aired' and 'R18+' titles are excluded.,#40,"1,944,249","44,819"
10,Sen to Chihiro no Kamikakushi,Sen and Chihiro's Spiriting Away,千と千尋の神隠し,Spirited Away,Movie,1,Finished Airing,"Jul 20, 2001",,,"Dentsu , TOHO , Tokuma Shoten , Tohokushinsha Film Corporation , Nippon Television Network , Mitsubishi","Disney Platform Distribution , GKIDS",Studio Ghibli,Original,"Adventure Adventure, Award Winning Award Winning, Supernatural Supernatural",,,2 hr. 4 min.,PG - Children,"8.77 1 (scored by 1290568 1,290,568 users) 1 indicates a weighted score .",#41 2 2 based on the top anime page. Please note that 'Not yet aired' and 'R18+' titles are excluded.,#44,"1,842,108","32,653"
11,Fairy Tail,,FAIRY TAIL（フェアリーテイル）,Fairy Tail,TV,175,Finished Airing,"Oct 12, 2009 to Mar 30, 2013",Fall 2009,Saturdays at 10:30 (JST),"TV Tokyo , Dentsu , Pony Canyon , Kodansha , DAX Production , Sakura Create",Funimation,"Satelight , A-1 Pictures",Manga,"Action Action, Adventure Adventure, Fantasy Fantasy",,Shounen Shounen,24 min. per ep.,PG-13 - Teens 13 or older,"7.57 1 (scored by 1007107 1,007,107 users) 1 indicates a weighted score .",#1567 2 2 based on the top anime page. Please note that 'Not yet aired' and 'R18+' titles are excluded.,#50,"1,730,255","46,514"
12,Dr. Stone,,ドクターストーン,Dr. Stone,TV,24,Finished Airing,"Jul 5, 2019 to Dec 13, 2019",Summer 2019,Fridays at 22:00 (JST),"TOHO animation , Shueisha , 8PAN","Funimation , Crunchyroll",TMS Entertainment,Manga,"Adventure Adventure, Comedy Comedy, Sci-Fi Sci-Fi",,Shounen Shounen,24 min. per ep.,PG-13 - Teens 13 or older,"8.28 1 (scored by 1044955 1,044,955 users) 1 indicates a weighted score .",#279 2 2 based on the top anime page. Please note that 'Not yet aired' and 'R18+' titles are excluded.,#51,"1,724,580","28,255"
13,JoJo no Kimyou na Bouken (TV),"JoJo no Kimyou na Bouken (2012), Battle Tendency, Phantom Blood, Sentou Chouryuu, JoJo's Bizarre Adventure The Animation",ジョジョの奇妙な冒険,JoJo's Bizarre Adventure (2012),TV,26,Finished Airing,"Oct 6, 2012 to Apr 6, 2013",Fall 2012,Saturdays at 00:30 (JST),"Yomiko Advertising , Warner Bros. Japan , KlockWorx , Medicos Entertainment , Shueisha","VIZ Media , Warner Bros. Pictures",David Production,Manga,"Action Action, Adventure Adventure, Supernatural Supernatural","Historical Historical, Vampire Vampire",Shounen Shounen,24 min. per ep.,R - 17+ (violence & profanity),"7.88 1 (scored by 1066220 1,066,220 users) 1 indicates a weighted score .",#812 2 2 based on the top anime page. Please note that 'Not yet aired' and 'R18+' titles are excluded.,#58,"1,650,810","36,982"
14,Tengen Toppa Gurren Lagann,"Tengen Toppa Gurren-Lagann, Making Break-Through Gurren Lagann, Heavenly Breakthrough Gurren Lagann, TTGL, Gurren Laggan",天元突破グレンラガン,Gurren Lagann,TV,27,Finished Airing,"Apr 1, 2007 to Sep 30, 2007",Spring 2007,Sundays at 08:30 (JST),"TV Tokyo , Aniplex , Dentsu , Konami , Half H.P Studio , Bandai","ADV Films , Bandai Entertainment , Aniplex of America",Gainax,Original,"Action Action, Adventure Adventure, Award Winning Award Winning, Sci-Fi Sci-Fi",,,24 min. per ep.,PG-13 - Teens 13 or older,"8.63 1 (scored by 895777 895,777 users) 1 indicates a weighted score .",#78 2 2 based on the top anime page. Please note that 'Not yet aired' and 'R18+' titles are excluded.,#64,"1,602,914","78,147"
15,Overlord,,オーバーロード,Overlord,TV,13,Finished Airing,"Jul 7, 2015 to Sep 29, 2015",Summer 2015,Tuesdays at 23:00 (JST),"AT-X , Grooove , Hakuhodo DY Music & Pictures , Kadokawa",Funimation,Madhouse,Light novel,"Action Action, Adventure Adventure, Fantasy Fantasy",,,24 min. per ep.,R - 17+ (violence & profanity),"7.91 1 (scored by 943287 943,287 users) 1 indicates a weighted score .",#739 2 2 based on the top anime page. Please note that 'Not yet aired' and 'R18+' titles are excluded.,#67,"1,582,084","26,388"
16,Tate no Yuusha no Nariagari,,盾の勇者の成り上がり,The Rising of the Shield Hero,TV,25,Finished Airing,"Jan 9, 2019 to Jun 26, 2019",Winter 2019,Wednesdays at 22:00 (JST),"Frontier Works , AT-X , Nippon Columbia , Glovision , Good Smile Company , Sammy , Crunchyroll , Kadokawa Media House , NTT Plala , Kadokawa",Funimation,Kinema Citrus,Light novel,"Action Action, Adventure Adventure, Drama Drama, Fantasy Fantasy",,,24 min. per ep.,PG-13 - Teens 13 or older,"7.96 1 (scored by 982944 982,944 users) 1 indicates a weighted score .",#667 2 2 based on the top anime page. Please note that 'Not yet aired' and 'R18+' titles are excluded.,#68,"1,578,421","25,354"
17,Dungeon ni Deai wo Motomeru no wa Machigatteiru Darou ka,"DanMachi, Is It Wrong That I Want to Meet You in a Dungeon",ダンジョンに出会いを求めるのは間違っているだろうか,Is It Wrong to Try to Pick Up Girls in a Dungeon?,TV,13,Finished Airing,"Apr 4, 2015 to Jun 27, 2015",Spring 2015,Saturdays at 01:05 (JST),"Genco , Movic , Warner Bros. Japan , KlockWorx , SoftBank Creative , Showgate , MAGES. , FuRyu",Sentai Filmworks,J.C.Staff,Light novel,"Action Action, Adventure Adventure, Fantasy Fantasy",,,24 min. per ep.,PG-13 - Teens 13 or older,"7.54 1 (scored by 945913 945,913 users) 1 indicates a weighted score .",#1688 2 2 based on the top anime page. Please note that 'Not yet aired' and 'R18+' titles are excluded.,#72,"1,517,570","11,949"
18,Kono Subarashii Sekai ni Shukufuku wo! 2,Give Blessings to This Wonderful World! 2,この素晴らしい世界に祝福を！ 2,KonoSuba: God's Blessing on This Wonderful World! 2,TV,10,Finished Airing,"Jan 12, 2017 to Mar 16, 2017",Winter 2017,Thursdays at 01:05 (JST),"Kadokawa Shoten , Nippon Columbia , KlockWorx , Sony Music Communications , Toranoana , 81 Produce , Kadokawa Media House",Discotek Media,Studio Deen,Light novel,"Adventure Adventure, Comedy Comedy, Fantasy Fantasy","Isekai Isekai, Parody Parody",,23 min. per ep.,PG-13 - Teens 13 or older,"8.26 1 (scored by 998422 998,422 users) 1 indicates a weighted score .",#294 2 2 based on the top anime page. Please note that 'Not yet aired' and 'R18+' titles are excluded.,#76,"1,500,361","11,916"
19,Vinland Saga,,ヴィンランド・サガ,,TV,24,Finished Airing,"Jul 8, 2019 to Dec 30, 2019",Summer 2019,Mondays at 00:10 (JST),"Production I.G , Dentsu , Kodansha , Twin Engine",Sentai Filmworks,Wit Studio,Manga,"Action Action, Adventure Adventure, Drama Drama","Gore Gore, Historical Historical",Seinen Seinen,24 min. per ep.,R - 17+ (violence & profanity),"8.75 1 (scored by 858770 858,770 users) 1 indicates a weighted score .",#47 2 2 based on the top anime page. Please note that 'Not yet aired' and 'R18+' titles are excluded.,#77,"1,494,780","46,792"
20,Fullmetal Alchemist,"Hagane no Renkinjutsushi, FMA, Full Metal Alchemist",鋼の錬金術師,Fullmetal Alchemist,TV,51,Finished Airing,"Oct 4, 2003 to Oct 2, 2004",Fall 2003,Saturdays at 18:00 (JST),"Aniplex , Dentsu , Square Enix , Mainichi Broadcasting System","Funimation , Aniplex of America",Bones,Manga,"Action Action, Adventure Adventure, Award Winning Award Winning, Drama Drama, Fantasy Fantasy",,Shounen Shounen,24 min. per ep.,R - 17+ (violence & profanity),"8.11 1 (scored by 888762 888,762 users) 1 indicates a weighted score .",#473 2 2 based on the top anime page. Please note that 'Not yet aired' and 'R18+' titles are excluded.,#81,"1,465,237","25,973"
21,Tensei shitara Slime Datta Ken,TenSura,転生したらスライムだった件,That Time I Got Reincarnated as a Slime,TV,24,Finished Airing,"Oct 2, 2018 to Mar 19, 2019",Fall 2018,Tuesdays at 00:00 (JST),"Lantis , Kodansha , BS11 , Bandai Namco Arts , Micro Magazine Publishing",Funimation,8bit,Manga,"Action Action, Adventure Adventure, Comedy Comedy, Fantasy Fantasy","Isekai Isekai, Reincarnation Reincarnation",Shounen Shounen,23 min. per ep.,PG-13 - Teens 13 or older,"8.14 1 (scored by 868059 868,059 users) 1 indicates a weighted score .",#433 2 2 based on the top anime page. Please note that 'Not yet aired' and 'R18+' titles are excluded.,#84,"1,424,672","29,869"
22,Made in Abyss,,メイドインアビス,Made in Abyss,TV,13,Finished Airing,"Jul 7, 2017 to Sep 29, 2017",Summer 2017,Fridays at 21:30 (JST),"AT-X , Takeshobo , Sony Music Communications , Kadokawa Media House , Cygames , Kanetsu Investment , Kadokawa , Global Solutions , IRMA LA DOUCE",Sentai Filmworks,Kinema Citrus,Web manga,"Adventure Adventure, Drama Drama, Fantasy Fantasy, Mystery Mystery, Sci-Fi Sci-Fi",,,25 min. per ep.,R - 17+ (violence & profanity),"8.65 1 (scored by 742541 742,541 users) 1 indicates a weighted score .",#71 2 2 based on the top anime page. Please note that 'Not yet aired' and 'R18+' titles are excluded.,#93,"1,368,636","43,915"
23,Howl no Ugoku Shiro,,ハウルの動く城,Howl's Moving Castle,Movie,1,Finished Airing,"Nov 20, 2004",,,"d-rights , Tokuma Shoten",Disney Platform Distribution,Studio Ghibli,Novel,"Adventure Adventure, Award Winning Award Winning, Drama Drama, Fantasy Fantasy, Romance Romance",,,1 hr. 59 min.,G - All Ages,"8.66 1 (scored by 917823 917,823 users) 1 indicates a weighted score .",#68 2 2 based on the top anime page. Please note that 'Not yet aired' and 'R18+' titles are excluded.,#99,"1,327,060","28,765"
24,Mushoku Tensei: Isekai Ittara Honki Dasu,Jobless Reincarnation: I Will Seriously Try If I Go To Another World,無職転生 ～異世界行ったら本気だす～,Mushoku Tensei: Jobless Reincarnation,TV,11,Finished Airing,"Jan 11, 2021 to Mar 22, 2021",Winter 2021,Mondays at 00:00 (JST),"Frontier Works , TOHO , TOHO animation , Hakuhodo DY Music & Pictures , BS11 , Egg Firm , Kadokawa , GREE , Toho Music",Funimation,Studio Bind,Light novel,"Adventure Adventure, Drama Drama, Fantasy Fantasy, Ecchi Ecchi","Isekai Isekai, Reincarnation Reincarnation",,23 min. per ep.,R - 17+ (violence & profanity),"8.37 1 (scored by 800351 800,351 users) 1 indicates a weighted score .",#198 2 2 based on the top anime page. Please note that 'Not yet aired' and 'R18+' titles are excluded.,#101,"1,296,123","33,238"
25,Mononoke Hime,Mononoke Hime,もののけ姫,Princess Mononoke,Movie,1,Finished Airing,"Jul 12, 1997",,,"Tokuma Shoten , Nippon Television Network",GKIDS,Studio Ghibli,Original,"Action Action, Adventure Adventure, Award Winning Award Winning, Fantasy Fantasy",,,2 hr. 13 min.,PG-13 - Teens 13 or older,"8.66 1 (scored by 805888 805,888 users) 1 indicates a weighted score .",#69 2 2 based on the top anime page. Please note that 'Not yet aired' and 'R18+' titles are excluded.,#105,"1,247,306","21,831"
26,Samurai Champloo,SAMURAI CHAMPLOO,サムライチャンプルー,Samurai Champloo,TV,26,Finished Airing,"May 20, 2004 to Mar 19, 2005",Spring 2004,Saturdays at 10:30 (JST),"Victor Entertainment , Fuji TV , Barnum Studio , Tokuma Shoten , flying DOG","Funimation , Geneon Entertainment USA",Manglobe,Original,"Action Action, Adventure Adventure, Comedy Comedy","Historical Historical, Samurai Samurai",,24 min. per ep.,R - 17+ (violence & profanity),"8.51 1 (scored by 634463 634,463 users) 1 indicates a weighted score .",#128 2 2 based on the top anime page. Please note that 'Not yet aired' and 'R18+' titles are excluded.,#110,"1,232,886","37,755"
27,Dragon Ball Z,"DBZ, Dragonball Z",ドラゴンボールZ,Dragon Ball Z,TV,291,Finished Airing,"Apr 26, 1989 to Jan 31, 1996",Spring 1989,Wednesdays at 19:00 (JST),"Fuji TV , Shueisha",Funimation,Toei Animation,Manga,"Action Action, Adventure Adventure, Comedy Comedy, Fantasy Fantasy","Martial Arts Martial Arts, Super Power Super Power",Shounen Shounen,24 min. per ep.,PG-13 - Teens 13 or older,"8.17 1 (scored by 840587 840,587 users) 1 indicates a weighted score .",#403 2 2 based on the top anime page. Please note that 'Not yet aired' and 'R18+' titles are excluded.,#112,"1,219,414","38,044"
28,Dororo,Dororo to Hyakkimaru,どろろ,Dororo,TV,24,Finished Airing,"Jan 7, 2019 to Jun 24, 2019",Winter 2019,Mondays at 22:30 (JST),Twin Engine,Sentai Filmworks,"Tezuka Productions , MAPPA",Manga,"Action Action, Adventure Adventure, Supernatural Supernatural","Historical Historical, Mythology Mythology, Samurai Samurai",Shounen Shounen,24 min. per ep.,R - 17+ (violence & profanity),"8.25 1 (scored by 620666 620,666 users) 1 indicates a weighted score .",#310 2 2 based on the top anime page. Please note that 'Not yet aired' and 'R18+' titles are excluded.,#113,"1,213,898","20,729"
29,JoJo no Kimyou na Bouken Part 3: Stardust Crusaders,"Dai San Bu Kuujou Joutarou: Mirai e no Isan, JoJo's Bizarre Adventure Part 3",ジョジョの奇妙な冒険 スターダストクルセイダース,JoJo's Bizarre Adventure: Stardust Crusaders,TV,24,Finished Airing,"Apr 5, 2014 to Sep 13, 2014",Spring 2014,Saturdays at 00:30 (JST),"Yomiko Advertising , Warner Bros. Japan , KlockWorx , Medicos Entertainment , Shueisha",VIZ Media,David Production,Manga,"Action Action, Adventure Adventure, Supernatural Supernatural",,Shounen Shounen,24 min. per ep.,R - 17+ (violence & profanity),"8.10 1 (scored by 857281 857,281 users) 1 indicates a weighted score .",#483 2 2 based on the top anime page. Please note that 'Not yet aired' and 'R18+' titles are excluded.,#115,"1,208,892","22,086"
30,Nanatsu no Taizai: Imashime no Fukkatsu,Seven Deadly Sins Season 2,七つの大罪 戒めの復活,The Seven Deadly Sins: Revival of the Commandments,TV,24,Finished Airing,"Jan 13, 2018 to Jun 30, 2018",Winter 2018,Saturdays at 06:30 (JST),"Aniplex , Dentsu , Mainichi Broadcasting System , Kodansha , Movic","None found, add some",A-1 Pictures,Manga,"Action Action, Adventure Adventure, Fantasy Fantasy",,Shounen Shounen,24 min. per ep.,PG-13 - Teens 13 or older,"7.57 1 (scored by 699281 699,281 users) 1 indicates a weighted score .",#1547 2 2 based on the top anime page. Please note that 'Not yet aired' and 'R18+' titles are excluded.,#127,"1,119,567","3,752"
31,Goblin Slayer,,ゴブリンスレイヤー,Goblin Slayer,TV,12,Finished Airing,"Oct 7, 2018 to Dec 30, 2018",Fall 2018,Sundays at 00:30 (JST),"Sony Pictures Entertainment , Frontier Works , AT-X , SoftBank Creative , Bushiroad , Hakuhodo DY Music & Pictures , Good Smile Film , Artist Management Office",Funimation,White Fox,Light novel,"Action Action, Adventure Adventure, Fantasy Fantasy",,,23 min. per ep.,R - 17+ (violence & profanity),"7.42 1 (scored by 670225 670,225 users) 1 indicates a weighted score .",#2140 2 2 based on the top anime page. Please note that 'Not yet aired' and 'R18+' titles are excluded.,#129,"1,117,773","7,455"
32,JoJo no Kimyou na Bouken Part 4: Diamond wa Kudakenai,"JoJo no Kimyou na Bouken Part 4: Diamond wa Kudakenai, Diamond is not Crash",ジョジョの奇妙な冒険 ダイヤモンドは砕けない,JoJo's Bizarre Adventure: Diamond Is Unbreakable,TV,39,Finished Airing,"Apr 2, 2016 to Dec 24, 2016",Spring 2016,Saturdays at 00:30 (JST),Warner Bros. Japan,VIZ Media,David Production,Manga,"Action Action, Adventure Adventure, Supernatural Supernatural",,Shounen Shounen,23 min. per ep.,R - 17+ (violence & profanity),"8.50 1 (scored by 769841 769,841 users) 1 indicates a weighted score .",#131 2 2 based on the top anime page. Please note that 'Not yet aired' and 'R18+' titles are excluded.,#130,"1,114,881","39,457"
33,Log Horizon,,ログ・ホライズン,Log Horizon,TV,25,Finished Airing,"Oct 5, 2013 to Mar 22, 2014",Fall 2013,Saturdays at 17:30 (JST),NHK,"Funimation , Sentai Filmworks",Satelight,Light novel,"Action Action, Adventure Adventure, Fantasy Fantasy","Adult Cast Adult Cast, Video Game Video Game",,24 min. per ep.,PG-13 - Teens 13 or older,"7.91 1 (scored by 578505 578,505 users) 1 indicates a weighted score .",#738 2 2 based on the top anime page. Please note that 'Not yet aired' and 'R18+' titles are excluded.,#131,"1,112,584","10,342"
34,JoJo no Kimyou na Bouken Part 3: Stardust Crusaders 2nd Season,"JoJo's Bizarre Adventure Part 3, JoJo's Bizarre Adventure: Stardust Crusaders - Egypt Arc",ジョジョの奇妙な冒険 スターダストクルセイダース エジプト編,JoJo's Bizarre Adventure: Stardust Crusaders - Battle in Egypt,TV,24,Finished Airing,"Jan 10, 2015 to Jun 20, 2015",Winter 2015,Saturdays at 00:30 (JST),"Yomiko Advertising , Warner Bros. Japan , KlockWorx , Medicos Entertainment , Shueisha",VIZ Media,David Production,Manga,"Action Action, Adventure Adventure, Supernatural Supernatural",,Shounen Shounen,23 min. per ep.,R - 17+ (violence & profanity),"8.44 1 (scored by 785674 785,674 users) 1 indicates a weighted score .",#156 2 2 based on the top anime page. Please note that 'Not yet aired' and 'R18+' titles are excluded.,#133,"1,105,494","20,556"
35,Tonari no Totoro,My Neighbour Totoro,となりのトトロ,My Neighbor Totoro,Movie,1,Finished Airing,"Apr 16, 1988",,,"Tokuma Shoten , Streamline Pictures","Disney Platform Distribution , GKIDS",Studio Ghibli,Original,"Adventure Adventure, Award Winning Award Winning, Supernatural Supernatural",,,1 hr. 26 min.,G - All Ages,"8.25 1 (scored by 689779 689,779 users) 1 indicates a weighted score .",#307 2 2 based on the top anime page. Please note that 'Not yet aired' and 'R18+' titles are excluded.,#140,"1,057,584","8,517"
36,Magi: The Labyrinth of Magic,Magi Season 1,マギ The labyrinth of magic,Magi: The Labyrinth of Magic,TV,25,Finished Airing,"Oct 7, 2012 to Mar 31, 2013",Fall 2012,Sundays at 17:00 (JST),"Aniplex , Dentsu , Shogakukan-Shueisha Productions , Mainichi Broadcasting System , Movic , GYAO!",Aniplex of America,A-1 Pictures,Manga,"Action Action, Adventure Adventure, Fantasy Fantasy",,Shounen Shounen,24 min. per ep.,PG-13 - Teens 13 or older,"8.01 1 (scored by 550153 550,153 users) 1 indicates a weighted score .",#610 2 2 based on the top anime page. Please note that 'Not yet aired' and 'R18+' titles are excluded.,#145,"1,039,510","9,239"
37,Sword Art Online: Alicization,"Sword Art Online III, SAO Alicization, Sword Art Online 3, SAO 3",ソードアート・オンライン アリシゼーション,Sword Art Online: Alicization,TV,24,Finished Airing,"Oct 7, 2018 to Mar 31, 2019",Fall 2018,Sundays at 00:00 (JST),"Aniplex , Genco , Bandai Namco Entertainment , Egg Firm , Straight Edge , Kadokawa",Aniplex of America,A-1 Pictures,Light novel,"Action Action, Adventure Adventure, Fantasy Fantasy",,,24 min. per ep.,R - 17+ (violence & profanity),"7.57 1 (scored by 616574 616,574 users) 1 indicates a weighted score .",#1535 2 2 based on the top anime page. Please note that 'Not yet aired' and 'R18+' titles are excluded.,#146,"1,039,183","7,262"
38,Dragon Ball,"Dragonball, DB",ドラゴンボール,Dragon Ball,TV,153,Finished Airing,"Feb 26, 1986 to Apr 12, 1989",Winter 1986,Wednesdays at 19:00 (JST),"Fuji TV , Shueisha",Funimation,Toei Animation,Manga,"Action Action, Adventure Adventure, Comedy Comedy, Fantasy Fantasy","Martial Arts Martial Arts, Super Power Super Power",Shounen Shounen,24 min. per ep.,PG-13 - Teens 13 or older,"7.97 1 (scored by 665479 665,479 users) 1 indicates a weighted score .",#660 2 2 based on the top anime page. Please note that 'Not yet aired' and 'R18+' titles are excluded.,#148,"1,032,798","15,981"
39,Dr. Stone: Stone Wars,"Dr. Stone 2nd Season, Dr. Stone Second Season",ドクターストーン STONE WARS,,TV,11,Finished Airing,"Jan 14, 2021 to Mar 25, 2021",Winter 2021,Thursdays at 22:30 (JST),"TOHO animation , Shueisha , Toho Music , 8PAN",Funimation,TMS Entertainment,Manga,"Adventure Adventure, Comedy Comedy, Sci-Fi Sci-Fi",,Shounen Shounen,24 min. per ep.,PG-13 - Teens 13 or older,"8.16 1 (scored by 585315 585,315 users) 1 indicates a weighted score .",#415 2 2 based on the top anime page. Please note that 'Not yet aired' and 'R18+' titles are excluded.,#150,"1,030,552","7,293"
40,JoJo no Kimyou na Bouken Part 5: Ougon no Kaze,"JoJo's Bizarre Adventure Part 5: Golden Wind, JoJo no Kimyou na Bouken Part 5: Ougon no Kaze, Le Bizzarre Avventure Di GioGio Parte 5: Vento Aureo",ジョジョの奇妙な冒険 黄金の風,JoJo's Bizarre Adventure: Golden Wind,TV,39,Finished Airing,"Oct 6, 2018 to Jul 28, 2019",Fall 2018,Saturdays at 01:05 (JST),Warner Bros. Japan,VIZ Media,David Production,Manga,"Action Action, Adventure Adventure, Supernatural Supernatural",,Shounen Shounen,23 min. per ep.,R - 17+ (violence & profanity),"8.57 1 (scored by 679298 679,298 users) 1 indicates a weighted score .",#94 2 2 based on the top anime page. Please note that 'Not yet aired' and 'R18+' titles are excluded.,#152,"1,015,972","31,670"
41,Overlord II,,オーバーロードⅡ,Overlord II,TV,13,Finished Airing,"Jan 9, 2018 to Apr 3, 2018",Winter 2018,Tuesdays at 22:30 (JST),"AT-X , Enterbrain , Grooove , Hakuhodo DY Music & Pictures , NTT Plala , Kadokawa",Funimation,Madhouse,Light novel,"Action Action, Adventure Adventure, Fantasy Fantasy",,,23 min. per ep.,R - 17+ (violence & profanity),"7.76 1 (scored by 631813 631,813 users) 1 indicates a weighted score .",#1046 2 2 based on the top anime page. Please note that 'Not yet aired' and 'R18+' titles are excluded.,#153,"1,015,929","4,502"
42,Fairy Tail (2014),Fairy Tail Season 2,FAIRY TAIL（フェアリーテイル）,Fairy Tail Series 2,TV,102,Finished Airing,"Apr 5, 2014 to Mar 26, 2016",Spring 2014,Saturdays at 10:30 (JST),"TV Tokyo , Dentsu",Funimation,"A-1 Pictures , Bridge",Manga,"Action Action, Adventure Adventure, Fantasy Fantasy",,Shounen Shounen,24 min. per ep.,PG-13 - Teens 13 or older,"7.65 1 (scored by 556286 556,286 users) 1 indicates a weighted score .",#1315 2 2 based on the top anime page. Please note that 'Not yet aired' and 'R18+' titles are excluded.,#156,"990,470","12,165"
43,Tensei shitara Slime Datta Ken 2nd Season,Tensura 2,転生したらスライムだった件,That Time I Got Reincarnated as a Slime Season 2,TV,12,Finished Airing,"Jan 12, 2021 to Mar 30, 2021",Winter 2021,Tuesdays at 23:00 (JST),Kodansha,Funimation,8bit,Manga,"Action Action, Adventure Adventure, Comedy Comedy, Fantasy Fantasy","Isekai Isekai, Reincarnation Reincarnation",Shounen Shounen,23 min. per ep.,PG-13 - Teens 13 or older,"8.38 1 (scored by 544930 544,930 users) 1 indicates a weighted score .",#190 2 2 based on the top anime page. Please note that 'Not yet aired' and 'R18+' titles are excluded.,#164,"943,104","10,697"
44,Kami no Tou,"Sin-ui Tap, 신의 탑",神之塔 -Tower of God-,Tower of God,TV,13,Finished Airing,"Apr 2, 2020 to Jun 25, 2020",Spring 2020,Thursdays at 00:30 (JST),"Sega , Crunchyroll , Rialto Entertainment , Sola Entertainment , Naver Webtoons , IRMA LA DOUCE",VIZ Media,Telecom Animation Film,Web manga,"Action Action, Adventure Adventure, Drama Drama, Fantasy Fantasy, Mystery Mystery",,,23 min. per ep.,PG-13 - Teens 13 or older,"7.55 1 (scored by 533325 533,325 users) 1 indicates a weighted score .",#1621 2 2 based on the top anime page. Please note that 'Not yet aired' and 'R18+' titles are excluded.,#180,"917,090","6,418"
45,Mushoku Tensei: Isekai Ittara Honki Dasu Part 2,,無職転生 ～異世界行ったら本気だす～ 第2クール,Mushoku Tensei: Jobless Reincarnation Part 2,TV,12,Finished Airing,"Oct 4, 2021 to Dec 20, 2021",Fall 2021,Mondays at 00:00 (JST),"Frontier Works , TOHO , TOHO animation , Tokyo MX , Hakuhodo DY Music & Pictures , BS11 , Egg Firm , Kadokawa , GREE Entertainment",Funimation,Studio Bind,Light novel,"Adventure Adventure, Drama Drama, Fantasy Fantasy, Ecchi Ecchi","Isekai Isekai, Reincarnation Reincarnation",,23 min. per ep.,R - 17+ (violence & profanity),"8.67 1 (scored by 561958 561,958 users) 1 indicates a weighted score .",#63 2 2 based on the top anime page. Please note that 'Not yet aired' and 'R18+' titles are excluded.,#187,"900,951","18,417"
46,Overlord III,,オーバーロードⅢ,Overlord III,TV,13,Finished Airing,"Jul 10, 2018 to Oct 2, 2018",Summer 2018,Tuesdays at 22:00 (JST),"AT-X , Hakuhodo DY Music & Pictures , NTT Plala , Kadokawa",Funimation,Madhouse,Light novel,"Action Action, Adventure Adventure, Fantasy Fantasy",,,23 min. per ep.,R - 17+ (violence & profanity),"7.92 1 (scored by 560224 560,224 users) 1 indicates a weighted score .",#735 2 2 based on the top anime page. Please note that 'Not yet aired' and 'R18+' titles are excluded.,#188,"900,851","5,437"
47,Fumetsu no Anata e,"To You, the Immortal",不滅のあなたへ,To Your Eternity,TV,20,Finished Airing,"Apr 12, 2021 to Aug 30, 2021",Spring 2021,Mondays at 22:50 (JST),"NHK , Kodansha , NHK Enterprises","None found, add some",Brain's Base,Manga,"Adventure Adventure, Drama Drama, Supernatural Supernatural",,Shounen Shounen,25 min. per ep.,R - 17+ (violence & profanity),"8.35 1 (scored by 364453 364,453 users) 1 indicates a weighted score .",#209 2 2 based on the top anime page. Please note that 'Not yet aired' and 'R18+' titles are excluded.,#200,"862,563","14,315"
48,Boruto: Naruto Next Generations,,BORUTO -NARUTO NEXT GENERATIONS-,Boruto: Naruto Next Generations,TV,293,Finished Airing,"Apr 5, 2017 to Mar 26, 2023",Spring 2017,Sundays at 17:30 (JST),"TV Tokyo , Aniplex , Rakuonsha , Shueisha",VIZ Media,Pierrot,Manga,"Action Action, Adventure Adventure, Fantasy Fantasy",,Shounen Shounen,23 min. per ep.,PG-13 - Teens 13 or older,"6.03 1 (scored by 436896 436,896 users) 1 indicates a weighted score .",#9211 2 2 based on the top anime page. Please note that 'Not yet aired' and 'R18+' titles are excluded.,#201,"859,586","7,285"
49,Banana Fish,,BANANA FISH,Banana Fish,TV,24,Finished Airing,"Jul 6, 2018 to Dec 21, 2018",Summer 2018,Fridays at 00:55 (JST),"Aniplex , Dentsu , Movic , Fuji TV , Shogakukan","None found, add some",MAPPA,Manga,"Action Action, Adventure Adventure, Drama Drama, Suspense Suspense","Delinquents Delinquents, Organized Crime Organized Crime, Psychological Psychological",Shoujo Shoujo,22 min. per ep.,R - 17+ (violence & profanity),"8.47 1 (scored by 369525 369,525 users) 1 indicates a weighted score .",#144 2 2 based on the top anime page. Please note that 'Not yet aired' and 'R18+' titles are excluded.,#203,"856,835","30,070"
50,Akatsuki no Yona,Yona: The girl standing in the blush of dawn,暁のヨナ,Yona of the Dawn,TV,24,Finished Airing,"Oct 7, 2014 to Mar 24, 2015",Fall 2014,Tuesdays at 23:00 (JST),"VAP , Hakusensha , AT-X , Delfi Sound , Marvelous AQL , Tokyo MX , Age Global Networks , Docomo Anime Store , Top-Insight International",Funimation,Pierrot,Manga,"Action Action, Adventure Adventure, Fantasy Fantasy, Romance Romance",,Shoujo Shoujo,24 min. per ep.,PG-13 - Teens 13 or older,"8.03 1 (scored by 415083 415,083 users) 1 indicates a weighted score .",#576 2 2 based on the top anime page. Please note that 'Not yet aired' and 'R18+' titles are excluded.,#208,"849,717","16,262"
51,Akira,,AKIRA（アキラ）,Akira,Movie,1,Finished Airing,"Jul 16, 1988",,,"Mainichi Broadcasting System , Kodansha , TOHO , Streamline Pictures","Funimation , Bandai Entertainment , Geneon Entertainment USA",Tokyo Movie Shinsha,Manga,"Action Action, Adventure Adventure, Horror Horror, Sci-Fi Sci-Fi, Supernatural Supernatural","Gore Gore, Military Military",Seinen Seinen,2 hr. 4 min.,R+ - Mild Nudity,"8.16 1 (scored by 511406 511,406 users) 1 indicates a weighted score .",#414 2 2 based on the top anime page. Please note that 'Not yet aired' and 'R18+' titles are excluded.,#210,"847,444","13,768"
52,Magi: The Kingdom of Magic,"Magi: The Labyrinth of Magic 2, Magi Season 2",マギ The kingdom of magic,Magi: The Kingdom of Magic,TV,25,Finished Airing,"Oct 6, 2013 to Mar 30, 2014",Fall 2013,Sundays at 17:00 (JST),"Aniplex , Dentsu , Shogakukan-Shueisha Productions , Mainichi Broadcasting System , Movic , GYAO!",Aniplex of America,A-1 Pictures,Manga,"Action Action, Adventure Adventure, Fantasy Fantasy",,Shounen Shounen,25 min. per ep.,PG-13 - Teens 13 or older,"8.21 1 (scored by 456754 456,754 users) 1 indicates a weighted score .",#351 2 2 based on the top anime page. Please note that 'Not yet aired' and 'R18+' titles are excluded.,#211,"839,085","7,666"
53,Mushishi,,蟲師,Mushi-Shi,TV,26,Finished Airing,"Oct 23, 2005 to Jun 19, 2006",Fall 2005,Sundays at 03:40 (JST),"Avex Entertainment , Marvelous Entertainment , SKY Perfect Well Think , Delfi Sound",Funimation,Artland,Manga,"Adventure Adventure, Mystery Mystery, Slice of Life Slice of Life, Supernatural Supernatural","Adult Cast Adult Cast, Historical Historical, Iyashikei Iyashikei",Seinen Seinen,23 min. per ep.,PG-13 - Teens 13 or older,"8.66 1 (scored by 277242 277,242 users) 1 indicates a weighted score .",#70 2 2 based on the top anime page. Please note that 'Not yet aired' and 'R18+' titles are excluded.,#214,"825,362","26,827"
54,Dragon Ball Super,"Dragon Ball Chou, DB Super, DBS",ドラゴンボール超（スーパー）,Dragon Ball Super,TV,131,Finished Airing,"Jul 5, 2015 to Mar 25, 2018",Summer 2015,Sundays at 09:00 (JST),"Yomiko Advertising , Fuji TV",Funimation,Toei Animation,Manga,"Action Action, Adventure Adventure, Comedy Comedy, Fantasy Fantasy","Martial Arts Martial Arts, Super Power Super Power",Shounen Shounen,23 min. per ep.,PG-13 - Teens 13 or older,"7.44 1 (scored by 531111 531,111 users) 1 indicates a weighted score .",#2029 2 2 based on the top anime page. Please note that 'Not yet aired' and 'R18+' titles are excluded.,#216,"823,483","10,458"
55,Zero no Tsukaima,Zero's Familiar,ゼロの使い魔,The Familiar of Zero,TV,13,Finished Airing,"Jul 3, 2006 to Sep 25, 2006",Summer 2006,Mondays at 00:30 (JST),"Genco , Media Factory , Shochiku , Bushiroad , Happinet Pictures","Sentai Filmworks , Geneon Entertainment USA",J.C.Staff,Light novel,"Action Action, Adventure Adventure, Comedy Comedy, Fantasy Fantasy, Romance Romance, Ecchi Ecchi","Harem Harem, Isekai Isekai, School School",,23 min. per ep.,PG-13 - Teens 13 or older,"7.22 1 (scored by 462896 462,896 users) 1 indicates a weighted score .",#3116 2 2 based on the top anime page. Please note that 'Not yet aired' and 'R18+' titles are excluded.,#222,"815,513","8,006"
56,Ookami to Koushinryou,Ookami to Koushinryou,狼と香辛料,Spice and Wolf,TV,13,Finished Airing,"Jan 9, 2008 to Mar 26, 2008",Winter 2008,Wednesdays at 01:30 (JST),"Victor Entertainment , Pony Canyon , Movic , Kadokawa Pictures Japan","Funimation , Kadokawa Pictures USA",Imagin,Light novel,"Adventure Adventure, Fantasy Fantasy, Romance Romance",,,24 min. per ep.,PG-13 - Teens 13 or older,"8.22 1 (scored by 391434 391,434 users) 1 indicates a weighted score .",#334 2 2 based on the top anime page. Please note that 'Not yet aired' and 'R18+' titles are excluded.,#223,"812,075","17,961"
57,Dungeon ni Deai wo Motomeru no wa Machigatteiru Darou ka II,"DanMachi 2nd Season, Is It Wrong That I Want to Meet You in a Dungeon 2nd Season",ダンジョンに出会いを求めるのは間違っているだろうかII,Is It Wrong to Try to Pick Up Girls in a Dungeon? II,TV,12,Finished Airing,"Jul 13, 2019 to Sep 28, 2019",Summer 2019,Saturdays at 00:30 (JST),"Genco , Movic , Warner Bros. Japan , KlockWorx , SoftBank Creative , Hakuhodo DY Music & Pictures , Egg Firm , FuRyu , GREE",Sentai Filmworks,J.C.Staff,Light novel,"Action Action, Adventure Adventure, Fantasy Fantasy",,,24 min. per ep.,PG-13 - Teens 13 or older,"7.24 1 (scored by 466852 466,852 users) 1 indicates a weighted score .",#3002 2 2 based on the top anime page. Please note that 'Not yet aired' and 'R18+' titles are excluded.,#225,"811,160","2,066"
58,"Gate: Jieitai Kanochi nite, Kaku Tatakaeri",Gate: Thus the JSDF Fought There!,GATE（ゲート）自衛隊　彼の地にて、斯く戦えり,GATE,TV,12,Finished Airing,"Jul 4, 2015 to Sep 19, 2015",Summer 2015,Saturdays at 00:30 (JST),"Genco , Magic Capsule , Warner Bros. Japan , KlockWorx , Showgate , Bandai Namco Games",Sentai Filmworks,A-1 Pictures,Light novel,"Action Action, Adventure Adventure, Fantasy Fantasy","Isekai Isekai, Military Military",,23 min. per ep.,R - 17+ (violence & profanity),"7.68 1 (scored by 452070 452,070 users) 1 indicates a weighted score .",#1242 2 2 based on the top anime page. Please note that 'Not yet aired' and 'R18+' titles are excluded.,#231,"803,727","6,261"
59,InuYasha,Inu Yasha,犬夜叉,InuYasha,TV,167,Finished Airing,"Oct 16, 2000 to Sep 13, 2004",Fall 2000,Mondays at 19:00 (JST),"Shogakukan-Shueisha Productions , Yomiuri Telecasting",VIZ Media,Sunrise,Manga,"Action Action, Adventure Adventure, Fantasy Fantasy, Romance Romance","Historical Historical, Love Polygon Love Polygon, Mythology Mythology, Time Travel Time Travel",Shounen Shounen,24 min. per ep.,PG-13 - Teens 13 or older,"7.86 1 (scored by 389637 389,637 users) 1 indicates a weighted score .",#840 2 2 based on the top anime page. Please note that 'Not yet aired' and 'R18+' titles are excluded.,#236,"793,852","18,595"
60,Kono Subarashii Sekai ni Shukufuku wo! Movie: Kurenai Densetsu,"KonoSuba Movie, Eiga Kono Subarashii Sekai ni Shukufuku wo!, Kono Subarashii Sekai ni Shukufuku wo! Movie",映画 この素晴らしい世界に祝福を！紅伝説,KonoSuba: God's Blessing on This Wonderful World! - Legend of Crimson,Movie,1,Finished Airing,"Aug 30, 2019",,,"Nippon Columbia , Toranoana , MAGES. , 81 Produce , Sammy , Kadokawa Media House , Kadokawa , Sony Music Solutions","None found, add some",J.C.Staff,Light novel,"Adventure Adventure, Comedy Comedy, Fantasy Fantasy","Isekai Isekai, Parody Parody",,1 hr. 30 min.,PG-13 - Teens 13 or older,"8.43 1 (scored by 485281 485,281 users) 1 indicates a weighted score .",#159 2 2 based on the top anime page. Please note that 'Not yet aired' and 'R18+' titles are excluded.,#246,"769,111","4,814"
61,Trigun,,トライガン,Trigun,TV,26,Finished Airing,"Apr 1, 1998 to Sep 30, 1998",Spring 1998,Thursdays at 01:15 (JST),Victor Entertainment,Funimation,Madhouse,Manga,"Action Action, Adventure Adventure, Sci-Fi Sci-Fi",,Shounen Shounen,24 min. per ep.,PG-13 - Teens 13 or older,"8.22 1 (scored by 371190 371,190 users) 1 indicates a weighted score .",#328 2 2 based on the top anime page. Please note that 'Not yet aired' and 'R18+' titles are excluded.,#252,"759,223","15,906"
62,Sword Art Online: Alicization - War of Underworld,"Sword Art Online: Alicization 2nd Season, Sword Art Online III 2nd Season, SAO Alicization 2nd Season, Sword Art Online 3 2nd Season, SAO 3 2nd Season, SAO III 2nd Season",ソードアート・オンライン アリシゼーション War of Underworld,Sword Art Online: Alicization - War of Underworld,TV,12,Finished Airing,"Oct 13, 2019 to Dec 29, 2019",Fall 2019,Sundays at 00:00 (JST),"Aniplex , Bandai Namco Entertainment , Egg Firm , Straight Edge , Kadokawa , Sonilude",Aniplex of America,A-1 Pictures,Light novel,"Action Action, Adventure Adventure, Fantasy Fantasy",,,23 min. per ep.,R - 17+ (violence & profanity),"7.58 1 (scored by 450842 450,842 users) 1 indicates a weighted score .",#1530 2 2 based on the top anime page. Please note that 'Not yet aired' and 'R18+' titles are excluded.,#255,"756,530","3,641"
63,Tate no Yuusha no Nariagari Season 2,Tate no Yuusha no Nariagari 2nd Season,盾の勇者の成り上がり Season2,The Rising of the Shield Hero Season 2,TV,13,Finished Airing,"Apr 6, 2022 to Jun 29, 2022",Spring 2022,Wednesdays at 22:00 (JST),"Frontier Works , AT-X , Nippon Columbia , Glovision , Good Smile Company , Sammy , Crunchyroll , Kadokawa Media House , NTT Plala , Kadokawa","None found, add some","Kinema Citrus , DR Movie",Light novel,"Action Action, Adventure Adventure, Drama Drama, Fantasy Fantasy",,,23 min. per ep.,PG-13 - Teens 13 or older,"6.52 1 (scored by 260010 260,010 users) 1 indicates a weighted score .",#6587 2 2 based on the top anime page. Please note that 'Not yet aired' and 'R18+' titles are excluded.,#256,"751,211","12,376"
64,Tensei shitara Slime Datta Ken 2nd Season Part 2,Tensura 2,転生したらスライムだった件,That Time I Got Reincarnated as a Slime Season 2 Part 2,TV,12,Finished Airing,"Jul 6, 2021 to Sep 21, 2021",Summer 2021,Tuesdays at 23:00 (JST),"Kodansha , BS11 , Bandai Namco Arts , Micro Magazine Publishing , Bandai Spirits , Sony Music Solutions , ADK Marketing Solutions",Crunchyroll,8bit,Manga,"Action Action, Adventure Adventure, Comedy Comedy, Fantasy Fantasy","Isekai Isekai, Reincarnation Reincarnation",Shounen Shounen,23 min. per ep.,PG-13 - Teens 13 or older,"8.33 1 (scored by 430101 430,101 users) 1 indicates a weighted score .",#231 2 2 based on the top anime page. Please note that 'Not yet aired' and 'R18+' titles are excluded.,#259,"747,475","10,825"
65,Hai to Gensou no Grimgar,"Grimgal of Ashes and Fantasies, Hai to Gensou no Grimgal",灰と幻想のグリムガル,Grimgar: Ashes and Illusions,TV,12,Finished Airing,"Jan 11, 2016 to Mar 28, 2016",Winter 2016,Mondays at 00:30 (JST),TOHO animation,Funimation,A-1 Pictures,Light novel,"Action Action, Adventure Adventure, Drama Drama, Fantasy Fantasy",,,24 min. per ep.,R - 17+ (violence & profanity),"7.65 1 (scored by 376969 376,969 users) 1 indicates a weighted score .",#1318 2 2 based on the top anime page. Please note that 'Not yet aired' and 'R18+' titles are excluded.,#267,"729,173","6,214"
66,Sword Art Online Movie: Ordinal Scale,Gekijouban Sword Art Online,劇場版 ソードアート・オンライン -オーディナル・スケール-,Sword Art Online the Movie: Ordinal Scale,Movie,1,Finished Airing,"Feb 18, 2017",,,"Aniplex , Genco , ASCII Media Works , Bandai Namco Entertainment , Egg Firm",Aniplex of America,A-1 Pictures,Original,"Action Action, Adventure Adventure, Fantasy Fantasy",,,1 hr. 59 min.,R+ - Mild Nudity,"7.56 1 (scored by 450304 450,304 users) 1 indicates a weighted score .",#1596 2 2 based on the top anime page. Please note that 'Not yet aired' and 'R18+' titles are excluded.,#272,"724,483","3,456"
67,Nanatsu no Taizai: Kamigami no Gekirin,,七つの大罪 神々の逆鱗,The Seven Deadly Sins: Imperial Wrath of the Gods,TV,24,Finished Airing,"Oct 9, 2019 to Mar 25, 2020",Fall 2019,Wednesdays at 17:55 (JST),"None found, add some","None found, add some",Studio Deen,Manga,"Action Action, Adventure Adventure, Fantasy Fantasy",,Shounen Shounen,24 min. per ep.,PG-13 - Teens 13 or older,"6.46 1 (scored by 414147 414,147 users) 1 indicates a weighted score .",#6949 2 2 based on the top anime page. Please note that 'Not yet aired' and 'R18+' titles are excluded.,#274,"723,279","1,373"
68,Nanatsu no Taizai: Seisen no Shirushi,,七つの大罪 聖戦の予兆,The Seven Deadly Sins: Signs of Holy War,TV,4,Finished Airing,"Aug 28, 2016 to Sep 18, 2016",Summer 2016,Sundays at 17:00 (JST),"Aniplex , Dentsu , Mainichi Broadcasting System , Kodansha , Movic","None found, add some",A-1 Pictures,Manga,"Action Action, Adventure Adventure, Fantasy Fantasy",,Shounen Shounen,24 min. per ep.,PG-13 - Teens 13 or older,"6.97 1 (scored by 430924 430,924 users) 1 indicates a weighted score .",#4320 2 2 based on the top anime page. Please note that 'Not yet aired' and 'R18+' titles are excluded.,#280,"713,826",800
69,Arifureta Shokugyou de Sekai Saikyou,From Common Job Class to the Strongest in the World,ありふれた職業で世界最強,Arifureta: From Commonplace to World's Strongest,TV,13,Finished Airing,"Jul 8, 2019 to Oct 7, 2019",Summer 2019,Mondays at 23:30 (JST),"AT-X , Sony Music Communications , Bushiroad , Toranoana , Hakuhodo DY Music & Pictures , Overlap , FuRyu , Bandai Namco Arts",Funimation,"asread. , White Fox",Light novel,"Action Action, Adventure Adventure, Fantasy Fantasy","Harem Harem, Isekai Isekai",,23 min. per ep.,PG-13 - Teens 13 or older,"6.71 1 (scored by 397093 397,093 users) 1 indicates a weighted score .",#5573 2 2 based on the top anime page. Please note that 'Not yet aired' and 'R18+' titles are excluded.,#285,"693,687","6,479"
70,D.Gray-man,"D. Gray-man, D. Grey-man",ディー・グレイマン,D.Gray-man,TV,103,Finished Airing,"Oct 3, 2006 to Sep 30, 2008",Fall 2006,Tuesdays at 18:00 (JST),"TV Tokyo , Aniplex , Dentsu , Half H.P Studio , Sony Music Entertainment , Studio Jack",Funimation,TMS Entertainment,Manga,"Action Action, Adventure Adventure, Fantasy Fantasy","Mythology Mythology, Super Power Super Power",Shounen Shounen,23 min. per ep.,PG-13 - Teens 13 or older,"8.01 1 (scored by 286176 286,176 users) 1 indicates a weighted score .",#603 2 2 based on the top anime page. Please note that 'Not yet aired' and 'R18+' titles are excluded.,#288,"690,037","13,858"
71,Claymore,,クレイモア,Claymore,TV,26,Finished Airing,"Apr 4, 2007 to Sep 26, 2007",Spring 2007,Wednesdays at 01:26 (JST),"VAP , Avex Entertainment , Nippon Television Network , D.N. Dream Partners",Funimation,Madhouse,Manga,"Action Action, Adventure Adventure, Fantasy Fantasy",,Shounen Shounen,23 min. per ep.,R+ - Mild Nudity,"7.74 1 (scored by 325744 325,744 users) 1 indicates a weighted score .",#1098 2 2 based on the top anime page. Please note that 'Not yet aired' and 'R18+' titles are excluded.,#300,"670,241","8,507"
72,Satsuriku no Tenshi,"Angel of Massacre, Angel of Slaughter",殺戮の天使,Angels of Death,TV,16,Finished Airing,"Jul 6, 2018 to Oct 26, 2018",Summer 2018,Fridays at 20:30 (JST),"Lantis , AT-X , Kadokawa",Funimation,J.C.Staff,Game,"Adventure Adventure, Horror Horror, Suspense Suspense","Gore Gore, Psychological Psychological",,23 min. per ep.,R - 17+ (violence & profanity),"6.96 1 (scored by 315076 315,076 users) 1 indicates a weighted score .",#4377 2 2 based on the top anime page. Please note that 'Not yet aired' and 'R18+' titles are excluded.,#301,"667,263","5,742"
73,Great Pretender,,,,TV,23,Finished Airing,"Jul 9, 2020 to Dec 17, 2020",Summer 2020,Thursdays at 00:55 (JST),"Production I.G , Fuji TV , BS Fuji , TOHO animation , Hakuhodo DY Media Partners","None found, add some",Wit Studio,Original,"Action Action, Adventure Adventure, Mystery Mystery","Adult Cast Adult Cast, Organized Crime Organized Crime",,23 min. per ep.,R - 17+ (violence & profanity),"8.21 1 (scored by 318252 318,252 users) 1 indicates a weighted score .",#343 2 2 based on the top anime page. Please note that 'Not yet aired' and 'R18+' titles are excluded.,#311,"657,555","9,909"
74,Jigokuraku,"Paradition, Heavenhell",地獄楽,Hell's Paradise,TV,13,Finished Airing,"Apr 1, 2023 to Jul 1, 2023",Spring 2023,Saturdays at 23:00 (JST),Twin Engine,"None found, add some",MAPPA,Manga,"Action Action, Adventure Adventure, Fantasy Fantasy","Gore Gore, Historical Historical, Samurai Samurai",Shounen Shounen,24 min. per ep.,R - 17+ (violence & profanity),"8.11 1 (scored by 339847 339,847 users) 1 indicates a weighted score .",#474 2 2 based on the top anime page. Please note that 'Not yet aired' and 'R18+' titles are excluded.,#313,"654,493","7,390"
75,Kenpuu Denki Berserk,"Berserk: The Chronicles of Wind Blades, Sword-Wind Chronicle Berserk",剣風伝奇ベルセルク,Berserk,TV,25,Finished Airing,"Oct 8, 1997 to Apr 1, 1998",Fall 1997,Wednesdays at 01:45 (JST),"VAP , Hakusensha , Nippon Television Network",Discotek Media,OLM,Manga,"Action Action, Adventure Adventure, Drama Drama, Fantasy Fantasy, Horror Horror","Gore Gore, Military Military",Seinen Seinen,23 min. per ep.,R+ - Mild Nudity,"8.58 1 (scored by 350580 350,580 users) 1 indicates a weighted score .",#92 2 2 based on the top anime page. Please note that 'Not yet aired' and 'R18+' titles are excluded.,#314,"653,033","27,490"
76,Little Witch Academia (TV),,リトルウィッチアカデミア,Little Witch Academia,TV,25,Finished Airing,"Jan 9, 2017 to Jun 26, 2017",Winter 2017,Mondays at 00:00 (JST),"Ultra Super Pictures , TOHO animation , Good Smile Company","None found, add some",Trigger,Original,"Adventure Adventure, Comedy Comedy, Fantasy Fantasy",,,24 min. per ep.,G - All Ages,"7.81 1 (scored by 316387 316,387 users) 1 indicates a weighted score .",#940 2 2 based on the top anime page. Please note that 'Not yet aired' and 'R18+' titles are excluded.,#324,"642,038","7,611"
77,Ousama Ranking,King Ranking,王様ランキング,Ranking of Kings,TV,23,Finished Airing,"Oct 15, 2021 to Mar 25, 2022",Fall 2021,Fridays at 00:55 (JST),"Aniplex , Dentsu , Fuji TV , Kadokawa , Bandai Spirits",Funimation,Wit Studio,Web manga,"Adventure Adventure, Fantasy Fantasy",,,22 min. per ep.,PG-13 - Teens 13 or older,"8.52 1 (scored by 334479 334,479 users) 1 indicates a weighted score .",#121 2 2 based on the top anime page. Please note that 'Not yet aired' and 'R18+' titles are excluded.,#330,"634,554","12,589"
78,Rokka no Yuusha,Rokka no Yusha,六花の勇者,Rokka: Braves of the Six Flowers,TV,12,Finished Airing,"Jul 5, 2015 to Sep 20, 2015",Summer 2015,Sundays at 02:58 (JST),Pony Canyon,Ponycan USA,Passione,Light novel,"Action Action, Adventure Adventure, Fantasy Fantasy, Mystery Mystery",,,24 min. per ep.,PG-13 - Teens 13 or older,"7.27 1 (scored by 332036 332,036 users) 1 indicates a weighted score .",#2826 2 2 based on the top anime page. Please note that 'Not yet aired' and 'R18+' titles are excluded.,#333,"631,996","2,663"
79,Pokemon,"Pocket Monsters, Indigo League, Adventures on the Orange Islands, The Johto Journeys, Johto League Champions, Master Quest",ポケットモンスター,Pokémon,TV,276,Finished Airing,"Apr 1, 1997 to Nov 14, 2002",Spring 1997,Thursdays at 19:00 (JST),"TV Tokyo , TV Tokyo Music , Studio Jack","VIZ Media , 4Kids Entertainment",OLM,Game,"Action Action, Adventure Adventure, Comedy Comedy, Fantasy Fantasy",,Kids Kids,24 min. per ep.,PG - Children,"7.39 1 (scored by 398106 398,106 users) 1 indicates a weighted score .",#2259 2 2 based on the top anime page. Please note that 'Not yet aired' and 'R18+' titles are excluded.,#335,"628,255","5,385"
80,Dragon Ball GT,"Dragonball GT, DBGT",ドラゴンボールGT,Dragon Ball GT,TV,64,Finished Airing,"Feb 7, 1996 to Nov 19, 1997",Winter 1996,Wednesdays at 19:00 (JST),Fuji TV,Funimation,Toei Animation,Manga,"Action Action, Adventure Adventure, Comedy Comedy, Fantasy Fantasy","Martial Arts Martial Arts, Super Power Super Power",Shounen Shounen,24 min. per ep.,PG-13 - Teens 13 or older,"6.49 1 (scored by 423432 423,432 users) 1 indicates a weighted score .",#6814 2 2 based on the top anime page. Please note that 'Not yet aired' and 'R18+' titles are excluded.,#336,"627,919","2,079"
81,Sousou no Frieren,Frieren at the Funeral,葬送のフリーレン,Frieren: Beyond Journey's End,TV,28,Finished Airing,"Sep 29, 2023 to Mar 22, 2024",Fall 2023,Fridays at 23:00 (JST),"Aniplex , Dentsu , Shogakukan-Shueisha Productions , Nippon Television Network , TOHO animation , Shogakukan","None found, add some",Madhouse,Manga,"Adventure Adventure, Drama Drama, Fantasy Fantasy",,Shounen Shounen,24 min. per ep.,PG-13 - Teens 13 or older,"9.38 1 (scored by 263968 263,968 users) 1 indicates a weighted score .",#1 2 2 based on the top anime page. Please note that 'Not yet aired' and 'R18+' titles are excluded.,#344,"618,731","29,129"
82,Shinchou Yuusha: Kono Yuusha ga Ore Tueee Kuse ni Shinchou Sugiru,Shinchou Yuusha: Kono Yuusha ga Ore Tsueee Kuse ni Shinchou Sugiru,慎重勇者 ～この勇者が俺TUEEEくせに慎重すぎる～,Cautious Hero: The Hero Is Overpowered but Overly Cautious,TV,12,Finished Airing,"Oct 2, 2019 to Dec 27, 2019",Fall 2019,Wednesdays at 22:30 (JST),"AT-X , Kadokawa Media House , Kadokawa , Legs",Funimation,White Fox,Light novel,"Action Action, Adventure Adventure, Comedy Comedy, Fantasy Fantasy","Isekai Isekai, Parody Parody",,23 min. per ep.,R - 17+ (violence & profanity),"7.48 1 (scored by 358426 358,426 users) 1 indicates a weighted score .",#1868 2 2 based on the top anime page. Please note that 'Not yet aired' and 'R18+' titles are excluded.,#347,"616,620","2,208"
83,Log Horizon 2nd Season,"Log Horizon Second Season, Log Horizon Dai 2 Series",ログ・ホライズン 第2シリーズ,Log Horizon 2,TV,25,Finished Airing,"Oct 4, 2014 to Mar 28, 2015",Fall 2014,Saturdays at 17:30 (JST),NHK,"Funimation , Sentai Filmworks",Studio Deen,Light novel,"Action Action, Adventure Adventure, Fantasy Fantasy","Adult Cast Adult Cast, Video Game Video Game",,24 min. per ep.,PG-13 - Teens 13 or older,"7.56 1 (scored by 340959 340,959 users) 1 indicates a weighted score .",#1606 2 2 based on the top anime page. Please note that 'Not yet aired' and 'R18+' titles are excluded.,#351,"611,494","1,412"
84,Sword Art Online: Alicization - War of Underworld 2nd Season,"Sword Art Online: Alicization 3rd Season, Sword Art Online III 3rd Season, SAO Alicization 3rd Season, Sword Art Online 3 3rd Season, SAO 3 3rd Season, SAO III 3rd Season, Sword Art Online: Alicization - War of Underworld - The Last Season",ソードアート・オンライン アリシゼーション War of Underworld,Sword Art Online: Alicization - War of Underworld Part 2,TV,11,Finished Airing,"Jul 12, 2020 to Sep 20, 2020",Summer 2020,Sundays at 00:00 (JST),"Aniplex , Bandai Namco Entertainment , Egg Firm , Straight Edge , Kadokawa",Aniplex of America,A-1 Pictures,Light novel,"Action Action, Adventure Adventure, Fantasy Fantasy",,,24 min. per ep.,R - 17+ (violence & profanity),"7.49 1 (scored by 352364 352,364 users) 1 indicates a weighted score .",#1863 2 2 based on the top anime page. Please note that 'Not yet aired' and 'R18+' titles are excluded.,#352,"609,733","3,199"
85,The Last: Naruto the Movie,"Naruto Movie 10: Naruto the Movie: The Last,Naruto: Shippuuden Movie 7 - The Last",THE LAST NARUTO THE MOVIE,Naruto Shippuden the Movie 7: The Last,Movie,1,Finished Airing,"Dec 6, 2014",,,"TV Tokyo , Shueisha",VIZ Media,Pierrot,Manga,"Action Action, Adventure Adventure, Fantasy Fantasy, Romance Romance",,Shounen Shounen,1 hr. 52 min.,PG-13 - Teens 13 or older,"7.79 1 (scored by 403317 403,317 users) 1 indicates a weighted score .",#993 2 2 based on the top anime page. Please note that 'Not yet aired' and 'R18+' titles are excluded.,#355,"605,537","2,202"
86,Dungeon ni Deai wo Motomeru no wa Machigatteiru Darou ka III,"DanMachi 3rd Season, Is It Wrong That I Want to Meet You in a Dungeon 3rd Season",ダンジョンに出会いを求めるのは間違っているだろうかIII,Is It Wrong to Try to Pick Up Girls in a Dungeon? III,TV,12,Finished Airing,"Oct 3, 2020 to Dec 19, 2020",Fall 2020,Saturdays at 00:30 (JST),"Movic , Warner Bros. Japan , KlockWorx , Hakuhodo DY Music & Pictures , Egg Firm , FuRyu , GREE , SB Creative",Sentai Filmworks,J.C.Staff,Light novel,"Action Action, Adventure Adventure, Fantasy Fantasy",,,24 min. per ep.,PG-13 - Teens 13 or older,"7.46 1 (scored by 308290 308,290 users) 1 indicates a weighted score .",#1960 2 2 based on the top anime page. Please note that 'Not yet aired' and 'R18+' titles are excluded.,#363,"592,381","1,889"
87,Hunter x Hunter,HxH,HUNTER×HUNTER（ハンター×ハンター）,Hunter x Hunter,TV,62,Finished Airing,"Oct 16, 1999 to Mar 31, 2001",Fall 1999,Saturdays at 18:00 (JST),Fuji TV,VIZ Media,Nippon Animation,Manga,"Action Action, Adventure Adventure, Fantasy Fantasy",,Shounen Shounen,23 min. per ep.,PG-13 - Teens 13 or older,"8.41 1 (scored by 286821 286,821 users) 1 indicates a weighted score .",#174 2 2 based on the top anime page. Please note that 'Not yet aired' and 'R18+' titles are excluded.,#367,"588,146","10,970"
88,Vinland Saga Season 2,,ヴィンランド・サガ SEASON2,Vinland Saga Season 2,TV,24,Finished Airing,"Jan 10, 2023 to Jun 20, 2023",Winter 2023,Tuesdays at 00:30 (JST),"Dentsu , Kodansha , Twin Engine","None found, add some",MAPPA,Manga,"Action Action, Adventure Adventure, Drama Drama","Gore Gore, Historical Historical",Seinen Seinen,25 min. per ep.,R - 17+ (violence & profanity),"8.81 1 (scored by 298188 298,188 users) 1 indicates a weighted score .",#31 2 2 based on the top anime page. Please note that 'Not yet aired' and 'R18+' titles are excluded.,#369,"587,551","13,527"
89,Majo no Takkyuubin,Witch's Express Delivery,魔女の宅急便,Kiki's Delivery Service,Movie,1,Finished Airing,"Jul 29, 1989",,,Streamline Pictures,"Disney Platform Distribution , GKIDS",Studio Ghibli,Novel,"Adventure Adventure, Award Winning Award Winning, Comedy Comedy, Drama Drama, Fantasy Fantasy",,,1 hr. 43 min.,G - All Ages,"8.22 1 (scored by 379233 379,233 users) 1 indicates a weighted score .",#331 2 2 based on the top anime page. Please note that 'Not yet aired' and 'R18+' titles are excluded.,#374,"583,061","5,826"
90,Gake no Ue no Ponyo,Ponyo on the Cliff by the Sea,崖の上のポニョ,Ponyo,Movie,1,Finished Airing,"Jul 19, 2008",,,"Dentsu , d-rights , TOHO","Disney Platform Distribution , GKIDS",Studio Ghibli,Original,"Adventure Adventure, Award Winning Award Winning, Fantasy Fantasy",,,1 hr. 40 min.,G - All Ages,"7.93 1 (scored by 383100 383,100 users) 1 indicates a weighted score .",#722 2 2 based on the top anime page. Please note that 'Not yet aired' and 'R18+' titles are excluded.,#377,"576,961","4,187"
91,Kaifuku Jutsushi no Yarinaoshi,Kaiyari,回復術士のやり直し,Redo of Healer,TV,12,Finished Airing,"Jan 13, 2021 to Mar 31, 2021",Winter 2021,Wednesdays at 23:30 (JST),"Lantis , AT-X , Glovision , Docomo Anime Store , Kadokawa Media House , Kadokawa , Bandai Namco Arts",Sentai Filmworks,TNK,Light novel,"Action Action, Adventure Adventure, Drama Drama, Fantasy Fantasy, Erotica Erotica","Gore Gore, Harem Harem, Time Travel Time Travel",,24 min. per ep.,R+ - Mild Nudity,"6.34 1 (scored by 333318 333,318 users) 1 indicates a weighted score .",N/A 2 2 based on the top anime page. Please note that 'Not yet aired' and 'R18+' titles are excluded.,#378,"576,497","6,238"
92,Drifters,Drifters: Battle in a Brand-new World War,DRIFTERS,Drifters,TV,12,Finished Airing,"Oct 7, 2016 to Dec 23, 2016",Fall 2016,Fridays at 23:00 (JST),NBCUniversal Entertainment Japan,Funimation,Hoods Entertainment,Manga,"Action Action, Adventure Adventure, Comedy Comedy, Fantasy Fantasy","Adult Cast Adult Cast, Gore Gore, Historical Historical, Isekai Isekai, Military Military, Samurai Samurai",Seinen Seinen,23 min. per ep.,R - 17+ (violence & profanity),"7.89 1 (scored by 272343 272,343 users) 1 indicates a weighted score .",#776 2 2 based on the top anime page. Please note that 'Not yet aired' and 'R18+' titles are excluded.,#382,"565,632","4,029"
93,Isekai wa Smartphone to Tomo ni.,In a Different World with a Smartphone.,異世界はスマートフォンとともに。,In Another World With My Smartphone,TV,12,Finished Airing,"Jul 11, 2017 to Sep 26, 2017",Summer 2017,Tuesdays at 20:30 (JST),"Sotsu , MediaNet , Pony Canyon , AT-X , Asmik Ace , Hobby Japan , 81 Produce , Tokyo MX , Exit Tunes",Funimation,Production Reed,Light novel,"Adventure Adventure, Comedy Comedy, Fantasy Fantasy, Romance Romance","Harem Harem, Isekai Isekai",,24 min. per ep.,PG-13 - Teens 13 or older,"6.13 1 (scored by 338717 338,717 users) 1 indicates a weighted score .",#8745 2 2 based on the top anime page. Please note that 'Not yet aired' and 'R18+' titles are excluded.,#386,"560,366","2,910"
94,Katanagatari,Sword Story,刀語,Katanagatari,TV,12,Finished Airing,"Jan 26, 2010 to Dec 11, 2010",Winter 2010,Tuesdays at 01:10 (JST),"Aniplex , Lantis , Kodansha , Movic , Fuji TV","NIS America, Inc.",White Fox,Light novel,"Action Action, Adventure Adventure, Romance Romance","Historical Historical, Martial Arts Martial Arts",,50 min. per ep.,R - 17+ (violence & profanity),"8.31 1 (scored by 213961 213,961 users) 1 indicates a weighted score .",#242 2 2 based on the top anime page. Please note that 'Not yet aired' and 'R18+' titles are excluded.,#387,"560,179","10,945"
95,"Gate: Jieitai Kanochi nite, Kaku Tatakaeri Part 2","Gate: Jieitai Kanochi nite, Kaku Tatakaeri 2nd Season, Gate: Thus the JSDF Fought There! Fire Dragon Arc, Gate: Jieitai Kanochi nite, Kaku Tatakaeri - Enryuu-hen",GATE（ゲート）自衛隊　彼の地にて、斯く戦えり　第2クール,GATE Part 2,TV,12,Finished Airing,"Jan 9, 2016 to Mar 26, 2016",Winter 2016,Saturdays at 01:05 (JST),"Genco , Warner Bros. Japan , KlockWorx , Showgate , Bandai Namco Games",Sentai Filmworks,A-1 Pictures,Light novel,"Action Action, Adventure Adventure, Fantasy Fantasy","Isekai Isekai, Military Military",,23 min. per ep.,R - 17+ (violence & profanity),"7.72 1 (scored by 338904 338,904 users) 1 indicates a weighted score .",#1164 2 2 based on the top anime page. Please note that 'Not yet aired' and 'R18+' titles are excluded.,#394,"552,163","1,890"
96,Itai no wa Iya nanode Bougyoryoku ni Kyokufuri Shitai to Omoimasu.,"I hate being in pain, so I think I'll make a full defense build., I Hate Getting Hurt, So I Put All My Skill Points Into Defense",痛いのは嫌なので防御力に極振りしたいと思います。,"BOFURI: I Don't Want to Get Hurt, so I'll Max Out My Defense.",TV,12,Finished Airing,"Jan 8, 2020 to Mar 25, 2020",Winter 2020,Wednesdays at 22:00 (JST),"AT-X , MAGES. , Docomo Anime Store , Sammy , ABC Animation , Kadokawa Media House , Kadokawa , D-techno",Funimation,SILVER LINK.,Light novel,"Action Action, Adventure Adventure, Comedy Comedy, Fantasy Fantasy",,,23 min. per ep.,PG-13 - Teens 13 or older,"7.53 1 (scored by 297164 297,164 users) 1 indicates a weighted score .",#1706 2 2 based on the top anime page. Please note that 'Not yet aired' and 'R18+' titles are excluded.,#412,"530,469","3,713"
97,Bleach: Sennen Kessen-hen,Bleach: Thousand-Year Blood War Arc,BLEACH 千年血戦篇,Bleach: Thousand-Year Blood War,TV,13,Finished Airing,"Oct 11, 2022 to Dec 27, 2022",Fall 2022,Tuesdays at 00:00 (JST),"TV Tokyo , Aniplex , Dentsu , Shueisha",VIZ Media,Pierrot,Manga,"Action Action, Adventure Adventure, Fantasy Fantasy",,Shounen Shounen,24 min. per ep.,R - 17+ (violence & profanity),"9.02 1 (scored by 272475 272,475 users) 1 indicates a weighted score .",#9 2 2 based on the top anime page. Please note that 'Not yet aired' and 'R18+' titles are excluded.,#413,"529,327","20,248"
98,Ore dake Level Up na Ken,"Na Honjaman Level Up, 나 혼자만 레벨업, I Level Up Alone",俺だけレベルアップな件,Solo Leveling,TV,12,Currently Airing,"Jan 7, 2024 to Mar 31, 2024",Winter 2024,Sundays at 00:00 (JST),"Aniplex , Crunchyroll , Netmarble , Kakao piccoma , D&C Media","None found, add some",A-1 Pictures,Web manga,"Action Action, Adventure Adventure, Fantasy Fantasy",,,23 min. per ep.,R - 17+ (violence & profanity),"8.38 1 (scored by 125736 125,736 users) 1 indicates a weighted score .",#193 2 2 based on the top anime page. Please note that 'Not yet aired' and 'R18+' titles are excluded.,#422,"518,709","9,655"
99,Mushoku Tensei II: Isekai Ittara Honki Dasu,"Jobless Reincarnation: I Will Seriously Try If I Go To Another World, Mushoku Tensei: Isekai Ittara Honki Dasu 2nd Season",無職転生 II ～異世界行ったら本気だす～,Mushoku Tensei: Jobless Reincarnation Season 2,TV,12,Finished Airing,"Jul 10, 2023 to Sep 25, 2023",Summer 2023,Mondays at 00:00 (JST),"Frontier Works , TOHO , TOHO animation , Hakuhodo DY Music & Pictures , BS11 , Egg Firm , Kadokawa , GREE Entertainment","None found, add some",Studio Bind,Light novel,"Adventure Adventure, Drama Drama, Fantasy Fantasy, Ecchi Ecchi","Isekai Isekai, Reincarnation Reincarnation",,23 min. per ep.,R - 17+ (violence & profanity),"8.28 1 (scored by 271783 271,783 users) 1 indicates a weighted score .",#274 2 2 based on the top anime page. Please note that 'Not yet aired' and 'R18+' titles are excluded.,#423,"516,831","6,732"
